ds,trend,yhat_lower,yhat_upper,trend_lower,trend_upper,additive_terms,additive_terms_lower,additive_terms_upper,weekly,weekly_lower,weekly_upper,multiplicative_terms,multiplicative_terms_lower,multiplicative_terms_upper,yhat
2019-01-03,11920.04148,7232.156034205462,18272.925652672006,11920.04148,11920.04148,672.0449654403637,672.0449654403637,672.0449654403637,672.0449654403637,672.0449654403637,672.0449654403637,0.0,0.0,0.0,12592.086445440364
2019-01-04,10940.984506468842,4613.178443269569,15319.882495116815,10940.984506468842,10940.984506468842,-1163.0220775140187,-1163.0220775140187,-1163.0220775140187,-1163.0220775140187,-1163.0220775140187,-1163.0220775140187,0.0,0.0,0.0,9777.962428954823
2019-01-05,9961.927536112502,3899.1315497363476,15630.605927939849,9961.927536112502,9961.927536112502,-312.2166305830099,-312.2166305830099,-312.2166305830099,-312.2166305830099,-312.2166305830099,-312.2166305830099,0.0,0.0,0.0,9649.710905529491
2019-01-06,9036.58693824281,5024.34573936701,15952.000284564954,9036.58693824281,9036.58693824281,1344.6912245698038,1344.6912245698038,1344.6912245698038,1344.6912245698038,1344.6912245698038,1344.6912245698038,0.0,0.0,0.0,10381.278162812614
2019-03-03,8670.054255640896,4714.533933192951,15719.485063431268,8670.054255640896,8670.054255640896,1344.6912245664814,1344.6912245664814,1344.6912245664814,1344.6912245664814,1344.6912245664814,1344.6912245664814,0.0,0.0,0.0,10014.745480207377
2019-03-04,8655.08927462343,4582.022688681055,14953.502803655263,8655.08927462343,8655.08927462343,873.5511963570953,873.5511963570953,873.5511963570953,873.5511963570953,873.5511963570953,873.5511963570953,0.0,0.0,0.0,9528.640470980525
2019-03-05,8640.124293605963,2644.0488869799433,13648.352957082747,8640.124293605963,8640.124293605963,-667.2180573187276,-667.2180573187276,-667.2180573187276,-667.2180573187276,-667.2180573187276,-667.2180573187276,0.0,0.0,0.0,7972.906236287235
2019-03-06,8625.159312588494,2460.3759301468895,13590.374053525407,8625.159312588494,8625.159312588494,-747.8306209484102,-747.8306209484102,-747.8306209484102,-747.8306209484102,-747.8306209484102,-747.8306209484102,0.0,0.0,0.0,7877.328691640084
2019-03-15,8094.42261608411,1552.4825870519478,12677.656690635733,8094.42261608411,8094.42261608411,-1163.0220775128907,-1163.0220775128907,-1163.0220775128907,-1163.0220775128907,-1163.0220775128907,-1163.0220775128907,0.0,0.0,0.0,6931.400538571219
2019-03-18,7917.494710402008,3495.4855756028073,14571.531398228595,7917.494710402008,7917.494710402008,873.5511963596016,873.5511963596016,873.5511963596016,873.5511963596016,873.5511963596016,873.5511963596016,0.0,0.0,0.0,8791.04590676161
2019-03-21,7740.566804719899,2814.951939586828,14102.711896249566,7740.566804719899,7740.566804719899,672.0449654403734,672.0449654403734,672.0449654403734,672.0449654403734,672.0449654403734,672.0449654403734,0.0,0.0,0.0,8412.611770160272
2019-03-24,7563.63880617368,3196.9761549459786,14495.765969487093,7563.63880617368,7563.63880617368,1344.6912245684941,1344.6912245684941,1344.6912245684941,1344.6912245684941,1344.6912245684941,1344.6912245684941,0.0,0.0,0.0,8908.330030742174
2019-03-27,7266.0837894672195,1059.2379358563683,12196.745999909415,7266.0837894672195,7266.0837894672195,-747.8306209489555,-747.8306209489555,-747.8306209489555,-747.8306209489555,-747.8306209489555,-747.8306209489555,0.0,0.0,0.0,6518.253168518264
2019-04-15,5275.8876564691545,649.8214133611679,11948.694911908102,5275.8876564691545,5275.8876564691545,873.5511963593893,873.5511963593893,873.5511963593893,873.5511963593893,873.5511963593893,873.5511963593893,0.0,0.0,0.0,6149.4388528285435
2019-04-18,4961.646161785261,97.94603064169863,11333.383610152785,4961.646161785261,4961.646161785261,672.0449654408337,672.0449654408337,672.0449654408337,672.0449654408337,672.0449654408337,672.0449654408337,0.0,0.0,0.0,5633.691127226095
2019-04-21,5448.560029000467,1119.7100053903575,12406.872454407894,5448.560029000467,5448.560029000467,1344.6912245694116,1344.6912245694116,1344.6912245694116,1344.6912245694116,1344.6912245694116,1344.6912245694116,0.0,0.0,0.0,6793.251253569879
2019-04-24,5935.473896215671,-678.718315304449,10780.112458962629,5935.473896215671,5935.473896215671,-747.8306209464421,-747.8306209464421,-747.8306209464421,-747.8306209464421,-747.8306209464421,-747.8306209464421,0.0,0.0,0.0,5187.643275269229
2019-04-27,6422.387763430879,285.6882302457801,11188.099870521975,6422.387763430879,6422.387763430879,-312.21663058150125,-312.21663058150125,-312.21663058150125,-312.21663058150125,-312.21663058150125,-312.21663058150125,0.0,0.0,0.0,6110.171132849378
2019-05-15,9343.870966722077,2895.6130058191184,13773.309508580216,9343.870966722077,9343.870966722077,-747.8306209497481,-747.8306209497481,-747.8306209497481,-747.8306209497481,-747.8306209497481,-747.8306209497481,0.0,0.0,0.0,8596.04034577233
2019-05-18,9830.150649528467,4039.2909869600144,15067.79033815872,9830.150649528467,9830.150649528467,-312.21663058052104,-312.21663058052104,-312.21663058052104,-312.21663058052104,-312.21663058052104,-312.21663058052104,0.0,0.0,0.0,9517.934018947946
2019-05-21,9925.82515495798,3572.412391366892,14795.718150811495,9925.82515495798,9925.82515495798,-667.2180573236892,-667.2180573236892,-667.2180573236892,-667.2180573236892,-667.2180573236892,-667.2180573236892,0.0,0.0,0.0,9258.60709763429
2019-05-24,9948.722114440907,3416.0908622531965,14811.06395831477,9948.722114440907,9948.722114440907,-1163.0220775161342,-1163.0220775161342,-1163.0220775161342,-1163.0220775161342,-1163.0220775161342,-1163.0220775161342,0.0,0.0,0.0,8785.700036924773
2019-05-27,9971.619219951051,5412.074296385991,16443.934779320552,9971.619219951051,9971.619219951051,873.5511963603382,873.5511963603382,873.5511963603382,873.5511963603382,873.5511963603382,873.5511963603382,0.0,0.0,0.0,10845.17041631139
2019-06-03,10025.049898195646,5419.199690286752,16523.873463203712,10025.049898195646,10025.049898195646,873.551196358306,873.551196358306,873.551196358306,873.551196358306,873.551196358306,873.551196358306,0.0,0.0,0.0,10898.601094553953
2019-06-04,9885.244953927915,3938.4716644639584,14557.626400268095,9885.244953927915,9885.244953927915,-667.2180573240723,-667.2180573240723,-667.2180573240723,-667.2180573240723,-667.2180573240723,-667.2180573240723,0.0,0.0,0.0,9218.026896603842
2019-06-05,9745.440009660162,3472.3304059978423,14447.877322492192,9745.440009660162,9745.440009660162,-747.8306209502935,-747.8306209502935,-747.8306209502935,-747.8306209502935,-747.8306209502935,-747.8306209502935,0.0,0.0,0.0,8997.609388709869
2019-06-06,9605.635229339581,5034.52139497511,15904.6861121992,9605.635229339581,9605.635229339581,672.0449654403764,672.0449654403764,672.0449654403764,672.0449654403764,672.0449654403764,672.0449654403764,0.0,0.0,0.0,10277.680194779958
2019-06-15,8347.39328967666,2661.3714624638123,13888.784532077065,8347.39328967666,8347.39328967666,-312.2166305878843,-312.2166305878843,-312.2166305878843,-312.2166305878843,-312.2166305878843,-312.2166305878843,0.0,0.0,0.0,8035.1766590887755
2019-06-18,7927.98063677115,1712.9162796856695,12830.866881069625,7927.98063677115,7927.98063677115,-667.2180573207759,-667.2180573207759,-667.2180573207759,-667.2180573207759,-667.2180573207759,-667.2180573207759,0.0,0.0,0.0,7260.762579450374
2019-06-21,7508.567983865626,910.7482943626286,11795.32774719857,7508.567983865626,7508.567983865626,-1163.0220775150422,-1163.0220775150422,-1163.0220775150422,-1163.0220775150422,-1163.0220775150422,-1163.0220775150422,0.0,0.0,0.0,6345.545906350584
2019-06-24,7607.428231518008,3043.2377965118826,14115.515577972697,7607.428231518008,7607.428231518008,873.5511963587804,873.5511963587804,873.5511963587804,873.5511963587804,873.5511963587804,873.5511963587804,0.0,0.0,0.0,8480.979427876788
2019-06-27,7706.292245137106,2398.630685704233,13798.015780866115,7706.292245137106,7706.292245137106,672.0449654402983,672.0449654402983,672.0449654402983,672.0449654402983,672.0449654402983,672.0449654402983,0.0,0.0,0.0,8378.337210577403
2019-09-03,9947.225058695456,3388.024727805893,15183.148264244013,9947.225058695456,9947.225058695456,-667.2180573236441,-667.2180573236441,-667.2180573236441,-667.2180573236441,-667.2180573236441,-667.2180573236441,0.0,0.0,0.0,9280.007001371812
2019-09-04,9945.429433962045,3218.1194297977854,14510.123415287775,9945.429433962045,9945.429433962045,-747.8306209510167,-747.8306209510167,-747.8306209510167,-747.8306209510167,-747.8306209510167,-747.8306209510167,0.0,0.0,0.0,9197.598813011027
2019-09-05,9943.633809228633,5108.930120236277,16394.867930183103,9943.633809228633,9943.633809228633,672.0449654406126,672.0449654406126,672.0449654406126,672.0449654406126,672.0449654406126,672.0449654406126,0.0,0.0,0.0,10615.678774669246
2019-09-06,9941.838184495222,3056.088105454715,14053.830214979154,9941.838184495222,9941.838184495222,-1163.0220775156085,-1163.0220775156085,-1163.0220775156085,-1163.0220775156085,-1163.0220775156085,-1163.0220775156085,0.0,0.0,0.0,8778.816106979613
2019-12-03,9783.8232079551,3592.9084064501935,14755.147478395222,9783.8232079551,9783.8232079551,-667.2180573232157,-667.2180573232157,-667.2180573232157,-667.2180573232157,-667.2180573232157,-667.2180573232157,0.0,0.0,0.0,9116.605150631884
2019-12-04,9782.02758322169,3243.329510016953,14552.53736345545,9782.02758322169,9782.02758322169,-747.8306209489792,-747.8306209489792,-747.8306209489792,-747.8306209489792,-747.8306209489792,-747.8306209489792,0.0,0.0,0.0,9034.196962272712
2019-12-05,9780.23195848828,4798.115609892565,16191.556741685326,9780.23195848828,9780.23195848828,672.044965440849,672.044965440849,672.044965440849,672.044965440849,672.044965440849,672.044965440849,0.0,0.0,0.0,10452.27692392913
2019-12-06,9778.43633375487,3240.879942758618,13858.351588750631,9778.43633375487,9778.43633375487,-1163.022077515046,-1163.022077515046,-1163.022077515046,-1163.022077515046,-1163.022077515046,-1163.022077515046,0.0,0.0,0.0,8615.414256239823
2019-12-07,9776.640709021458,3473.038687569275,14949.003228510426,9776.640709021458,9776.640709021458,-312.21663058133714,-312.21663058133714,-312.21663058133714,-312.21663058133714,-312.21663058133714,-312.21663058133714,0.0,0.0,0.0,9464.42407844012
2019-12-08,9774.845084288048,5545.649663928112,16594.10849292228,9774.845084288048,9774.845084288048,1344.6912245655506,1344.6912245655506,1344.6912245655506,1344.6912245655506,1344.6912245655506,1344.6912245655506,0.0,0.0,0.0,11119.5363088536
2019-12-09,9773.049459554639,5178.830451625352,16397.940888039397,9762.414804193339,9781.70306534309,873.5511963586961,873.5511963586961,873.5511963586961,873.5511963586961,873.5511963586961,873.5511963586961,0.0,0.0,0.0,10646.600655913335
2019-12-10,9771.253834821227,4031.5310583114588,14889.39276902288,9729.576931173046,9807.800406241186,-667.2180573234073,-667.2180573234073,-667.2180573234073,-667.2180573234073,-667.2180573234073,-667.2180573234073,0.0,0.0,0.0,9104.03577749782
2019-12-11,9769.458210087816,3859.5418909765644,14567.085953775277,9692.393464501263,9842.279493697813,-747.8306209498415,-747.8306209498415,-747.8306209498415,-747.8306209498415,-747.8306209498415,-747.8306209498415,0.0,0.0,0.0,9021.627589137974
2019-12-12,9767.662585354406,4826.565511424925,15943.836932590875,9641.31567784934,9897.46019234261,672.0449654405409,672.0449654405409,672.0449654405409,672.0449654405409,672.0449654405409,672.0449654405409,0.0,0.0,0.0,10439.707550794947
2019-12-13,9765.866960620997,3315.9837699486734,14039.992525596115,9584.284264388114,9950.665421954656,-1163.0220775144082,-1163.0220775144082,-1163.0220775144082,-1163.0220775144082,-1163.0220775144082,-1163.0220775144082,0.0,0.0,0.0,8602.844883106589
2019-12-14,9764.071335887586,3536.5869056894867,14940.780769097652,9509.856627411682,10004.385823198441,-312.2166305805349,-312.2166305805349,-312.2166305805349,-312.2166305805349,-312.2166305805349,-312.2166305805349,0.0,0.0,0.0,9451.85470530705
2019-12-15,9762.275711154174,5548.438866375363,16743.976692441203,9422.878416738928,10089.499206667308,1344.6912245696838,1344.6912245696838,1344.6912245696838,1344.6912245696838,1344.6912245696838,1344.6912245696838,0.0,0.0,0.0,11106.966935723858
2019-12-16,9760.480086420765,4911.54192106853,15889.012750088932,9361.141170076487,10162.203670066654,873.5511963632343,873.5511963632343,873.5511963632343,873.5511963632343,873.5511963632343,873.5511963632343,0.0,0.0,0.0,10634.031282783999
2019-12-17,9758.684461687355,3348.242228589274,14828.470461703568,9252.686838543714,10246.037326298816,-667.2180573238526,-667.2180573238526,-667.2180573238526,-667.2180573238526,-667.2180573238526,-667.2180573238526,0.0,0.0,0.0,9091.466404363502
2019-12-18,9756.888836953944,3959.2498941841195,14714.717157361414,9186.01698709341,10352.162875162307,-747.8306209491031,-747.8306209491031,-747.8306209491031,-747.8306209491031,-747.8306209491031,-747.8306209491031,0.0,0.0,0.0,9009.05821600484
2019-12-19,9755.093212220532,4973.541226876217,16153.33939472053,9110.92074931716,10470.13794050477,672.0449654402362,672.0449654402362,672.0449654402362,672.0449654402362,672.0449654402362,672.0449654402362,0.0,0.0,0.0,10427.138177660769
2019-12-20,9753.297587487123,2485.7191162397885,14694.66994101322,8990.939094228424,10574.074540365096,-1163.0220775161026,-1163.0220775161026,-1163.0220775161026,-1163.0220775161026,-1163.0220775161026,-1163.0220775161026,0.0,0.0,0.0,8590.27550997102
2019-12-21,9751.501962753711,3427.9477607848844,15512.859190144782,8920.11436686696,10670.319625341554,-312.2166305888787,-312.2166305888787,-312.2166305888787,-312.2166305888787,-312.2166305888787,-312.2166305888787,0.0,0.0,0.0,9439.285332164833
2019-12-22,9749.706338020302,5747.0487083820135,16634.40610349443,8791.675856876616,10780.66542857572,1344.6912245660442,1344.6912245660442,1344.6912245660442,1344.6912245660442,1344.6912245660442,1344.6912245660442,0.0,0.0,0.0,11094.397562586346
2019-12-23,9747.91071328689,4926.915149331005,16580.824387300065,8696.821572714858,10928.30707882629,873.5511963612024,873.5511963612024,873.5511963612024,873.5511963612024,873.5511963612024,873.5511963612024,0.0,0.0,0.0,10621.461909648093
2019-12-24,9746.11508855348,3164.6349876880377,14777.47537044447,8564.35673941663,11073.22625059859,-667.2180573219506,-667.2180573219506,-667.2180573219506,-667.2180573219506,-667.2180573219506,-667.2180573219506,0.0,0.0,0.0,9078.89703123153
2019-12-25,9744.319463820071,2888.330481301726,15071.092236898085,8445.874423502775,11166.684430859475,-747.8306209483646,-747.8306209483646,-747.8306209483646,-747.8306209483646,-747.8306209483646,-747.8306209483646,0.0,0.0,0.0,8996.488842871706
2019-12-26,9742.52383908666,4688.240005466011,15697.999787446268,8318.902046257317,11306.065726637298,672.044965440771,672.044965440771,672.044965440771,672.044965440771,672.044965440771,672.044965440771,0.0,0.0,0.0,10414.568804527431
2019-12-27,9740.728214353248,2575.486404310936,14875.194686978277,8170.238082475651,11423.966883435189,-1163.0220775177968,-1163.0220775177968,-1163.0220775177968,-1163.0220775177968,-1163.0220775177968,-1163.0220775177968,0.0,0.0,0.0,8577.706136835452
2019-12-28,9738.932589619839,3386.4280286741205,15011.636112183658,8069.943920105223,11582.812497693008,-312.21663058245457,-312.21663058245457,-312.21663058245457,-312.21663058245457,-312.21663058245457,-312.21663058245457,0.0,0.0,0.0,9426.715959037385
2019-12-29,9737.13696488643,5070.568559763021,17124.353069313416,7945.012082329037,11759.33449179482,1344.6912245675633,1344.6912245675633,1344.6912245675633,1344.6912245675633,1344.6912245675633,1344.6912245675633,0.0,0.0,0.0,11081.828189453992
2019-12-30,9735.341340153018,4849.8676136832855,16776.624191828352,7811.539829794089,11939.514121889268,873.5511963657408,873.5511963657408,873.5511963657408,873.5511963657408,873.5511963657408,873.5511963657408,0.0,0.0,0.0,10608.892536518759
2019-12-31,9733.545715419606,2962.4019963758906,15285.4546278051,7681.970954972969,12082.676323886979,-667.2180573242356,-667.2180573242356,-667.2180573242356,-667.2180573242356,-667.2180573242356,-667.2180573242356,0.0,0.0,0.0,9066.327658095372
2020-01-01,9731.750090686197,2853.720924440313,14564.894267971666,7566.703559579788,12245.834962541303,-747.8306209476261,-747.8306209476261,-747.8306209476261,-747.8306209476261,-747.8306209476261,-747.8306209476261,0.0,0.0,0.0,8983.91946973857
2020-01-02,9729.954465952787,4422.268222386664,16854.04339325258,7400.091048247495,12401.878661497429,672.0449654404663,672.0449654404663,672.0449654404663,672.0449654404663,672.0449654404663,672.0449654404663,0.0,0.0,0.0,10401.999431393253
2020-01-03,9728.158841219376,2423.9881104465167,14704.14685728921,7286.71604056072,12504.94677028311,-1163.022077518325,-1163.022077518325,-1163.022077518325,-1163.022077518325,-1163.022077518325,-1163.022077518325,0.0,0.0,0.0,8565.136763701052
2020-01-04,9726.363216485965,3119.685620820469,15644.07430638227,7171.79306191982,12585.786859520445,-312.2166305887004,-312.2166305887004,-312.2166305887004,-312.2166305887004,-312.2166305887004,-312.2166305887004,0.0,0.0,0.0,9414.146585897264
2020-01-05,9724.567591752555,4693.802807872042,17417.037318073406,7051.952777504896,12709.439677834538,1344.6912245690824,1344.6912245690824,1344.6912245690824,1344.6912245690824,1344.6912245690824,1344.6912245690824,0.0,0.0,0.0,11069.258816321637
2020-01-06,9722.771967019145,3951.006660291727,17298.73478294627,6906.234538805044,12901.902948153609,873.5511963610962,873.5511963610962,873.5511963610962,873.5511963610962,873.5511963610962,873.5511963610962,0.0,0.0,0.0,10596.323163380242
2020-01-07,9720.976342285734,2683.8665455953865,15810.966016134098,6759.892651113199,13030.495045609754,-667.218057318654,-667.218057318654,-667.218057318654,-667.218057318654,-667.218057318654,-667.218057318654,0.0,0.0,0.0,9053.75828496708
2020-01-08,9719.180717552323,2543.866310700558,15580.925415457601,6616.735051501146,13243.03975714839,-747.8306209457277,-747.8306209457277,-747.8306209457277,-747.8306209457277,-747.8306209457277,-747.8306209457277,0.0,0.0,0.0,8971.350096606595
2020-01-09,9717.385092818913,3999.941530576144,16865.950409285186,6463.501473757606,13416.900822396941,672.0449654401581,672.0449654401581,672.0449654401581,672.0449654401581,672.0449654401581,672.0449654401581,0.0,0.0,0.0,10389.430058259071
2020-01-10,9715.589468085504,1906.9275293122062,15616.836730876352,6293.393575655827,13557.31865524389,-1163.0220775156483,-1163.0220775156483,-1163.0220775156483,-1163.0220775156483,-1163.0220775156483,-1163.0220775156483,0.0,0.0,0.0,8552.567390569855
2020-01-11,9713.793843352092,2784.353608322916,16340.831690629824,6128.76985489717,13722.250663533881,-312.21663058580043,-312.21663058580043,-312.21663058580043,-312.21663058580043,-312.21663058580043,-312.21663058580043,0.0,0.0,0.0,9401.577212766291
2020-01-12,9711.99821861868,4223.021488013063,18296.472583199793,5976.471362142454,13943.188209794804,1344.6912245706014,1344.6912245706014,1344.6912245706014,1344.6912245706014,1344.6912245706014,1344.6912245706014,0.0,0.0,0.0,11056.689443189282
2020-01-13,9710.202593885271,3934.53288848997,17985.115883155755,5718.7234459947595,14162.513947618687,873.5511963616768,873.5511963616768,873.5511963616768,873.5511963616768,873.5511963616768,873.5511963616768,0.0,0.0,0.0,10583.753790246948
2020-01-14,9708.40696915186,2317.469918983025,16866.76688674413,5521.186238508184,14409.86117864703,-667.2180573209391,-667.2180573209391,-667.2180573209391,-667.2180573209391,-667.2180573209391,-667.2180573209391,0.0,0.0,0.0,9041.188911830921
2020-01-15,9706.61134441845,1245.5404915920242,16680.763110633197,5357.594015967998,14677.32301559105,-747.8306209505107,-747.8306209505107,-747.8306209505107,-747.8306209505107,-747.8306209505107,-747.8306209505107,0.0,0.0,0.0,8958.78072346794
2020-01-16,9704.815719685039,2810.805811437484,17735.53847413144,5145.623965120877,14833.56937927588,672.04496543985,672.04496543985,672.04496543985,672.04496543985,672.04496543985,672.04496543985,0.0,0.0,0.0,10376.86068512489
2020-01-17,9703.02009495163,948.3269838478212,15807.74230516425,4937.666535626501,14995.62303557357,-1163.0220775138446,-1163.0220775138446,-1163.0220775138446,-1163.0220775138446,-1163.0220775138446,-1163.0220775138446,0.0,0.0,0.0,8539.998017437785
2020-01-18,9701.224470218218,1426.11051748044,17213.57816482779,4744.261873560416,15132.024509523522,-312.2166305870959,-312.2166305870959,-312.2166305870959,-312.2166305870959,-312.2166305870959,-312.2166305870959,0.0,0.0,0.0,9389.007839631122
2020-01-19,9699.428845484808,3288.489907443799,19114.552677463427,4548.8301985391,15365.813081653825,1344.6912245695066,1344.6912245695066,1344.6912245695066,1344.6912245695066,1344.6912245695066,1344.6912245695066,0.0,0.0,0.0,11044.120070054316
2020-01-20,9697.633220751397,2975.960313927804,18970.995317126082,4320.020785848001,15547.064810904027,873.5511963596447,873.5511963596447,873.5511963596447,873.5511963596447,873.5511963596447,873.5511963596447,0.0,0.0,0.0,10571.184417111042
2020-01-21,9695.837596017987,1329.5789499311527,16920.59447816227,4118.207985117473,15725.747388188953,-667.2180573232241,-667.2180573232241,-667.2180573232241,-667.2180573232241,-667.2180573232241,-667.2180573232241,0.0,0.0,0.0,9028.619538694764
2020-01-22,9694.041971284576,835.5287457194975,17718.764823361857,3947.8635365680884,15950.833980611102,-747.8306209486122,-747.8306209486122,-747.8306209486122,-747.8306209486122,-747.8306209486122,-747.8306209486122,0.0,0.0,0.0,8946.211350335963
2020-01-23,9692.246346551166,2545.7454697886155,18620.71103664591,3815.062236042159,16176.27400001248,672.044965439542,672.044965439542,672.044965439542,672.044965439542,672.044965439542,672.044965439542,0.0,0.0,0.0,10364.291311990708
2020-01-24,9690.450721817755,296.9069451599524,17434.117845574485,3570.3806197928334,16332.893358295158,-1163.0220775155387,-1163.0220775155387,-1163.0220775155387,-1163.0220775155387,-1163.0220775155387,-1163.0220775155387,0.0,0.0,0.0,8527.428644302216
2020-01-25,9688.655097084345,865.8766232301886,18554.657870232968,3382.4696041338248,16480.187311561847,-312.2166305841959,-312.2166305841959,-312.2166305841959,-312.2166305841959,-312.2166305841959,-312.2166305841959,0.0,0.0,0.0,9376.438466500149
2020-01-26,9686.859472350934,2568.3092244934423,20634.43880463803,3193.8327166094987,16666.562861841707,1344.6912245659364,1344.6912245659364,1344.6912245659364,1344.6912245659364,1344.6912245659364,1344.6912245659364,0.0,0.0,0.0,11031.550696916871
2020-01-27,9685.063847617525,1409.2473857024186,19262.422895690823,3042.13003013618,16827.764850638923,873.5511963576125,873.5511963576125,873.5511963576125,873.5511963576125,873.5511963576125,873.5511963576125,0.0,0.0,0.0,10558.615043975136
2020-01-28,9683.268222884113,188.38532486094533,18420.42113400569,2833.1617619827275,16957.846020152814,-667.2180573213221,-667.2180573213221,-667.2180573213221,-667.2180573213221,-667.2180573213221,-667.2180573213221,0.0,0.0,0.0,9016.05016556279
2020-01-29,9681.472598150704,-117.4313404605095,17983.184110947437,2611.2969653262567,17133.53923109716,-747.8306209490337,-747.8306209490337,-747.8306209490337,-747.8306209490337,-747.8306209490337,-747.8306209490337,0.0,0.0,0.0,8933.64197720167
2020-01-30,9679.676973417292,832.4729994136671,20318.020176932416,2407.0337605065847,17505.329204001126,672.0449654392373,672.0449654392373,672.0449654392373,672.0449654392373,672.0449654392373,672.0449654392373,0.0,0.0,0.0,10351.72193885653
2020-01-31,9677.881348683883,-1110.7859363281877,18608.0957451471,2225.469719814318,17774.53830840017,-1163.022077511696,-1163.022077511696,-1163.022077511696,-1163.022077511696,-1163.022077511696,-1163.022077511696,0.0,0.0,0.0,8514.859271172187
2020-02-01,9676.085723950471,27.29567304243334,19523.255183035617,2086.787785242562,17956.442157441033,-312.21663058129593,-312.21663058129593,-312.21663058129593,-312.21663058129593,-312.21663058129593,-312.21663058129593,0.0,0.0,0.0,9363.869093369176
2020-02-02,9674.290099217062,408.1781610665138,20922.054022831915,1881.0636475696238,18122.700236562912,1344.6912245648416,1344.6912245648416,1344.6912245648416,1344.6912245648416,1344.6912245648416,1344.6912245648416,0.0,0.0,0.0,11018.981323781903
2020-02-03,9672.494474483652,-31.748686249501187,21683.550923063136,1628.8592673265487,18295.632099880175,873.5511963634966,873.5511963634966,873.5511963634966,873.5511963634966,873.5511963634966,873.5511963634966,0.0,0.0,0.0,10546.045670847148
2020-02-04,9670.69884975024,-1022.1351239793628,20038.115817590555,1431.8496880103119,18468.56396319743,-667.2180573236072,-667.2180573236072,-667.2180573236072,-667.2180573236072,-667.2180573236072,-667.2180573236072,0.0,0.0,0.0,9003.480792426633
2020-02-05,9668.90322501683,-1442.3631901710942,19701.79645008333,1261.7547355857803,18648.421526225462,-747.8306209471351,-747.8306209471351,-747.8306209471351,-747.8306209471351,-747.8306209471351,-747.8306209471351,0.0,0.0,0.0,8921.072604069694
2020-02-06,9667.10760028342,377.81920551424867,21016.227751172257,1025.6820210770986,18902.59183574118,672.0449654406217,672.0449654406217,672.0449654406217,672.0449654406217,672.0449654406217,672.0449654406217,0.0,0.0,0.0,10339.152565724042
2020-02-07,9665.31197555001,-2461.890072026431,19687.110490725838,765.0097471320197,19123.891509912766,-1163.0220775133903,-1163.0220775133903,-1163.0220775133903,-1163.0220775133903,-1163.0220775133903,-1163.0220775133903,0.0,0.0,0.0,8502.289898036619
2020-02-08,9663.516350816599,-1699.2165892382816,20742.289639860344,507.76195268483895,19322.009628253432,-312.2166305825917,-312.2166305825917,-312.2166305825917,-312.2166305825917,-312.2166305825917,-312.2166305825917,0.0,0.0,0.0,9351.299720234007
2020-02-09,9661.720726083187,480.4975792137332,22034.375328918017,291.3028881314025,19564.32338856323,1344.6912245689748,1344.6912245689748,1344.6912245689748,1344.6912245689748,1344.6912245689748,1344.6912245689748,0.0,0.0,0.0,11006.411950652162
2020-02-10,9659.925101349778,-936.9203906626403,22190.133639973857,53.95006056620802,19843.77960026246,873.5511963614646,873.5511963614646,873.5511963614646,873.5511963614646,873.5511963614646,873.5511963614646,0.0,0.0,0.0,10533.476297711242
2020-02-11,9658.129476616366,-1733.8859699910945,20136.659702155965,-179.78638448631904,20088.04510973118,-667.2180573201193,-667.2180573201193,-667.2180573201193,-667.2180573201193,-667.2180573201193,-667.2180573201193,0.0,0.0,0.0,8990.911419296248
2020-02-12,9656.333851882957,-3284.3174983256745,20839.92382893662,-442.721183225027,20344.02693187753,-747.8306209452368,-747.8306209452368,-747.8306209452368,-747.8306209452368,-747.8306209452368,-747.8306209452368,0.0,0.0,0.0,8908.50323093772
2020-02-13,9654.538227149545,-997.7653199937624,22825.731270221742,-614.2771440553223,20507.71953565489,672.044965440317,672.044965440317,672.044965440317,672.044965440317,672.044965440317,672.044965440317,0.0,0.0,0.0,10326.583192589862
2020-02-14,9652.742602416136,-3511.280399415529,20624.303949243873,-855.8976076547148,20591.884363026846,-1163.0220775139185,-1163.0220775139185,-1163.0220775139185,-1163.0220775139185,-1163.0220775139185,-1163.0220775139185,0.0,0.0,0.0,8489.720524902217
2020-02-15,9650.946977682725,-3991.9092480770846,21747.84986020558,-1153.9637259140682,20904.622686844177,-312.2166305796916,-312.2166305796916,-312.2166305796916,-312.2166305796916,-312.2166305796916,-312.2166305796916,0.0,0.0,0.0,9338.730347103034
2020-02-16,9649.151352949315,-954.8938483439238,23197.675120226093,-1301.3843012773782,21192.201098553498,1344.69122456788,1344.69122456788,1344.69122456788,1344.69122456788,1344.69122456788,1344.69122456788,0.0,0.0,0.0,10993.842577517195
2020-02-17,9647.355728215904,-1770.5519371726311,23685.54553290616,-1507.934532105149,21445.06978824068,873.5511963594327,873.5511963594327,873.5511963594327,873.5511963594327,873.5511963594327,873.5511963594327,0.0,0.0,0.0,10520.906924575336
2020-02-18,9645.560103482494,-3781.023494534498,22497.090858773972,-1804.8396549063787,21778.33831266154,-667.2180573224044,-667.2180573224044,-667.2180573224044,-667.2180573224044,-667.2180573224044,-667.2180573224044,0.0,0.0,0.0,8978.342046160089
2020-02-19,9643.764478749083,-4438.2446650260545,22096.441986618047,-2102.8184404656486,22086.02987952897,-747.8306209456581,-747.8306209456581,-747.8306209456581,-747.8306209456581,-747.8306209456581,-747.8306209456581,0.0,0.0,0.0,8895.933857803424
2020-02-20,9641.968854015673,-3362.878018233948,24398.401788336505,-2392.2850315662936,22286.69346901929,672.0449654400021,672.0449654400021,672.0449654400021,672.0449654400021,672.0449654400021,672.0449654400021,0.0,0.0,0.0,10314.013819455675
2020-02-21,9640.173229282262,-5493.922690367057,22416.399222260254,-2669.5363960650134,22529.22636548715,-1163.0220775144467,-1163.0220775144467,-1163.0220775144467,-1163.0220775144467,-1163.0220775144467,-1163.0220775144467,0.0,0.0,0.0,8477.151151767815
2020-02-22,9638.377604548852,-4429.746198964473,23742.50586022543,-2871.066339638046,22727.206943634057,-312.2166305859374,-312.2166305859374,-312.2166305859374,-312.2166305859374,-312.2166305859374,-312.2166305859374,0.0,0.0,0.0,9326.160973962915
2020-02-23,9636.58197981544,-2955.090752160059,26226.164346427046,-3108.877743929565,22988.52571979991,1344.6912245667854,1344.6912245667854,1344.6912245667854,1344.6912245667854,1344.6912245667854,1344.6912245667854,0.0,0.0,0.0,10981.273204382225
2020-02-24,9634.786355082031,-3689.266113677101,25457.553358914996,-3278.598985938645,23318.912958059864,873.5511963600129,873.5511963600129,873.5511963600129,873.5511963600129,873.5511963600129,873.5511963600129,0.0,0.0,0.0,10508.337551442044
2020-02-25,9632.99073034862,-4625.124097656582,24246.556701828606,-3596.9243111558253,23572.37615324196,-667.2180573225957,-667.2180573225957,-667.2180573225957,-667.2180573225957,-667.2180573225957,-667.2180573225957,0.0,0.0,0.0,8965.772673026024
2020-02-26,9631.19510561521,-6642.633330824963,24143.094780515046,-3922.314112690428,23760.060883329872,-747.8306209437598,-747.8306209437598,-747.8306209437598,-747.8306209437598,-747.8306209437598,-747.8306209437598,0.0,0.0,0.0,8883.36448467145
2020-02-27,9629.399480881799,-4492.847762946458,25013.068112259592,-4248.017607537675,24050.73861984651,672.0449654413901,672.0449654413901,672.0449654413901,672.0449654413901,672.0449654413901,672.0449654413901,0.0,0.0,0.0,10301.444446323188
2020-02-28,9627.60385614839,-7122.890658907331,24538.333565582634,-4536.913432534597,24425.19278749546,-1163.0220775149749,-1163.0220775149749,-1163.0220775149749,-1163.0220775149749,-1163.0220775149749,-1163.0220775149749,0.0,0.0,0.0,8464.581778633414
2020-02-29,9625.808231414978,-6007.614880172646,24548.374614039116,-4854.96175899296,24820.695069154168,-312.2166305830374,-312.2166305830374,-312.2166305830374,-312.2166305830374,-312.2166305830374,-312.2166305830374,0.0,0.0,0.0,9313.59160083194
2020-03-01,9624.012606681568,-5284.720020658036,27193.467773588905,-5155.930426728693,25092.80202960566,1344.6912245658289,1344.6912245658289,1344.6912245658289,1344.6912245658289,1344.6912245658289,1344.6912245658289,0.0,0.0,0.0,10968.703831247398
2020-03-02,9622.216981948157,-4909.152659513701,27326.307415150033,-5629.460252309846,25279.45984842412,873.5511963553683,873.5511963553683,873.5511963553683,873.5511963553683,873.5511963553683,873.5511963553683,0.0,0.0,0.0,10495.768178303526
2020-03-03,9620.421357214747,-6728.09552179578,26361.84498466359,-5995.520752842337,25558.909648740373,-667.2180573227873,-667.2180573227873,-667.2180573227873,-667.2180573227873,-667.2180573227873,-667.2180573227873,0.0,0.0,0.0,8953.20329989196
2020-03-04,9618.625732481336,-7504.447186234042,25929.141718493487,-6293.1303533509845,25891.10473070827,-747.8306209485427,-747.8306209485427,-747.8306209485427,-747.8306209485427,-747.8306209485427,-747.8306209485427,0.0,0.0,0.0,8870.795111532792
2020-03-05,9616.830107747926,-6815.436980456586,28410.753733789243,-6599.721353961042,26059.27475432068,672.044965441082,672.044965441082,672.044965441082,672.044965441082,672.044965441082,672.044965441082,0.0,0.0,0.0,10288.875073189009
2020-03-06,9615.034483014515,-8749.063101116977,26164.830629297074,-6909.053165107068,26267.6484613508,-1163.022077516669,-1163.022077516669,-1163.022077516669,-1163.022077516669,-1163.022077516669,-1163.022077516669,0.0,0.0,0.0,8452.012405497846
2020-03-07,9613.238858281105,-8101.138833392307,27224.25301172369,-7369.443004502725,26451.807247430872,-312.2166305822353,-312.2166305822353,-312.2166305822353,-312.2166305822353,-312.2166305822353,-312.2166305822353,0.0,0.0,0.0,9301.02222769887
2020-03-08,9611.443233547694,-6248.577597263768,29841.121387338862,-7660.988299745524,26694.44650844851,1344.691224564734,1344.691224564734,1344.691224564734,1344.691224564734,1344.691224564734,1344.691224564734,0.0,0.0,0.0,10956.134458112429
2020-03-09,9609.647608814284,-7255.48306130459,29399.42587076247,-7952.66757133072,26846.43518819764,873.551196363865,873.551196363865,873.551196363865,873.551196363865,873.551196363865,873.551196363865,0.0,0.0,0.0,10483.19880517815
2020-03-10,9607.851984080873,-10047.431695193709,26857.512185653803,-8299.750305069354,27037.368562263106,-667.218057322979,-667.218057322979,-667.218057322979,-667.218057322979,-667.218057322979,-667.218057322979,0.0,0.0,0.0,8940.633926757893
2020-03-11,9606.056359347464,-10058.834548273335,27455.269608564606,-8594.766429837153,27273.695082193542,-747.8306209466443,-747.8306209466443,-747.8306209466443,-747.8306209466443,-747.8306209466443,-747.8306209466443,0.0,0.0,0.0,8858.225738400819
2020-03-12,9604.260734614052,-8154.699208432405,30131.853138591043,-8977.860540363423,27522.84353710808,672.0449654407771,672.0449654407771,672.0449654407771,672.0449654407771,672.0449654407771,672.0449654407771,0.0,0.0,0.0,10276.305700054829
2020-03-13,9602.465109880643,-10754.828005308233,27657.60556631121,-9314.60881861823,27870.570316481262,-1163.0220775160312,-1163.0220775160312,-1163.0220775160312,-1163.0220775160312,-1163.0220775160312,-1163.0220775160312,0.0,0.0,0.0,8439.443032364612
2020-03-14,9600.669485147231,-10355.431003265337,28479.939873914936,-9603.647899040061,28304.167266214372,-312.2166305814332,-312.2166305814332,-312.2166305814332,-312.2166305814332,-312.2166305814332,-312.2166305814332,0.0,0.0,0.0,9288.452854565798
2020-03-15,9598.873860413822,-8718.447896994126,31341.20761420694,-10085.81431163473,28737.76421594748,1344.691224568867,1344.691224568867,1344.691224568867,1344.691224568867,1344.691224568867,1344.691224568867,0.0,0.0,0.0,10943.565084982689
2020-03-16,9597.07823568041,-10905.899621532002,31256.767308712908,-10222.186343300606,29082.934512410746,873.5511963618327,873.5511963618327,873.5511963618327,873.5511963618327,873.5511963618327,873.5511963618327,0.0,0.0,0.0,10470.629432042242
2020-03-17,9595.282610947,-11340.253904961139,29221.72384087312,-10686.177849296915,29229.907497925527,-667.2180573252639,-667.2180573252639,-667.2180573252639,-667.2180573252639,-667.2180573252639,-667.2180573252639,0.0,0.0,0.0,8928.064553621736
2020-03-18,9593.48698621359,-12490.65973253317,29318.76237325939,-10879.915237731275,29362.443912998962,-747.8306209470659,-747.8306209470659,-747.8306209470659,-747.8306209470659,-747.8306209470659,-747.8306209470659,0.0,0.0,0.0,8845.656365266523
2020-03-19,9591.69136148018,-11545.936813404518,31782.37717622178,-11353.0632919778,29494.103042465154,672.0449654404725,672.0449654404725,672.0449654404725,672.0449654404725,672.0449654404725,672.0449654404725,0.0,0.0,0.0,10263.736326920653
2020-03-20,9589.895736746768,-12915.251977911672,30738.389947600306,-11668.772865992758,29903.2096376944,-1163.0220775133546,-1163.0220775133546,-1163.0220775133546,-1163.0220775133546,-1163.0220775133546,-1163.0220775133546,0.0,0.0,0.0,8426.873659233413
2020-03-21,9588.100112013359,-13115.173585068225,30583.625212947714,-12044.703536690771,30230.1171150467,-312.2166305806309,-312.2166305806309,-312.2166305806309,-312.2166305806309,-312.2166305806309,-312.2166305806309,0.0,0.0,0.0,9275.883481432727
2020-03-22,9586.304487279947,-10276.914018805146,32443.705217666353,-12259.234355379413,30350.158350880865,1344.6912245677725,1344.6912245677725,1344.6912245677725,1344.6912245677725,1344.6912245677725,1344.6912245677725,0.0,0.0,0.0,10930.99571184772
2020-03-23,9584.508862546538,-11889.10589301292,32518.119051863458,-12665.34877373483,30645.091525256998,873.5511963624134,873.5511963624134,873.5511963624134,873.5511963624134,873.5511963624134,873.5511963624134,0.0,0.0,0.0,10458.060058908952
2020-03-24,9582.713237813126,-14138.066737069854,31849.888354088354,-12990.341330637188,30911.04524480982,-667.2180573233619,-667.2180573233619,-667.2180573233619,-667.2180573233619,-667.2180573233619,-667.2180573233619,0.0,0.0,0.0,8915.495180489765
2020-03-25,9580.917613079717,-15531.902902658314,31240.715229400223,-13345.92676501689,31360.381667045174,-747.8306209518488,-747.8306209518488,-747.8306209518488,-747.8306209518488,-747.8306209518488,-747.8306209518488,0.0,0.0,0.0,8833.086992127868
2020-03-26,9579.121988346305,-12769.405059729976,32286.25464745159,-13584.860803603871,31735.989856918204,672.044965440161,672.044965440161,672.044965440161,672.044965440161,672.044965440161,672.044965440161,0.0,0.0,0.0,10251.166953786467
2020-03-27,9577.326363612896,-15986.591626641975,31885.12792074995,-13865.47827926748,32019.237259978887,-1163.0220775138828,-1163.0220775138828,-1163.0220775138828,-1163.0220775138828,-1163.0220775138828,-1163.0220775138828,0.0,0.0,0.0,8414.304286099014
2020-03-28,9575.530738879484,-15016.511384146752,32144.022062400127,-14189.517789493015,32294.274630286116,-312.21663057773094,-312.21663057773094,-312.21663057773094,-312.21663057773094,-312.21663057773094,-312.21663057773094,0.0,0.0,0.0,9263.314108301754
2020-03-29,9573.735114146075,-13472.446618001304,35545.65140193128,-14503.08193775723,32681.95464222986,1344.6912245692915,1344.6912245692915,1344.6912245692915,1344.6912245692915,1344.6912245692915,1344.6912245692915,0.0,0.0,0.0,10918.426338715366
2020-03-30,9571.939489412664,-14301.935808633425,35353.64312436775,-14863.715430972135,32992.17560945813,873.5511963629934,873.5511963629934,873.5511963629934,873.5511963629934,873.5511963629934,873.5511963629934,0.0,0.0,0.0,10445.490685775658
2020-03-31,9570.143864679254,-16276.372442123844,34204.05710312224,-15296.188745678286,33331.403327306965,-667.2180573219675,-667.2180573219675,-667.2180573219675,-667.2180573219675,-667.2180573219675,-667.2180573219675,0.0,0.0,0.0,8902.925807357286
2020-04-01,9568.348239945843,-16480.803548969758,34113.10216162519,-15779.092503625669,33537.360322493776,-747.8306209511103,-747.8306209511103,-747.8306209511103,-747.8306209511103,-747.8306209511103,-747.8306209511103,0.0,0.0,0.0,8820.517618994732
2020-04-02,9566.552615212433,-15763.545005662914,35955.69718912775,-16147.26133004457,33809.95267901161,672.0449654398564,672.0449654398564,672.0449654398564,672.0449654398564,672.0449654398564,672.0449654398564,0.0,0.0,0.0,10238.59758065229
2020-04-03,9564.756990479022,-17442.41110930173,34940.42506940237,-16561.358637005338,34140.58496068168,-1163.0220775155772,-1163.0220775155772,-1163.0220775155772,-1163.0220775155772,-1163.0220775155772,-1163.0220775155772,0.0,0.0,0.0,8401.734912963444
2020-04-04,9562.961365745612,-17739.90280522206,36151.521368276306,-16967.300163719236,34554.703187294705,-312.21663058607464,-312.21663058607464,-312.21663058607464,-312.21663058607464,-312.21663058607464,-312.21663058607464,0.0,0.0,0.0,9250.744735159537
2020-04-05,9561.1657410122,-16503.56746863794,37557.67556100444,-17279.84723310491,34831.95850355482,1344.6912245657213,1344.6912245657213,1344.6912245657213,1344.6912245657213,1344.6912245657213,1344.6912245657213,0.0,0.0,0.0,10905.856965577921
2020-04-06,9559.370116278791,-16310.876848333057,37294.29196091176,-17646.3140451901,35178.35790187379,873.5511963583492,873.5511963583492,873.5511963583492,873.5511963583492,873.5511963583492,873.5511963583492,0.0,0.0,0.0,10432.92131263714
2020-04-07,9557.57449154538,-17691.841174879686,36229.149014743845,-18012.780857275295,35577.612556346234,-667.2180573221591,-667.2180573221591,-667.2180573221591,-667.2180573221591,-667.2180573221591,-667.2180573221591,0.0,0.0,0.0,8890.35643422322
2020-04-08,9555.77886681197,-19721.93643515136,36355.10190876643,-18378.550117926872,36117.189970872176,-747.830620949212,-747.830620949212,-747.830620949212,-747.830620949212,-747.830620949212,-747.830620949212,0.0,0.0,0.0,8807.948245862759
2020-04-09,9553.983242078559,-18043.053004792797,38817.090881383134,-18719.843001506168,36417.21280414684,672.0449654395482,672.0449654395482,672.0449654395482,672.0449654395482,672.0449654395482,672.0449654395482,0.0,0.0,0.0,10226.028207518108
2020-04-10,9552.18761734515,-19920.8842254968,36109.41446977243,-19061.68483622728,37028.411930153794,-1163.0220775172713,-1163.0220775172713,-1163.0220775172713,-1163.0220775172713,-1163.0220775172713,-1163.0220775172713,0.0,0.0,0.0,8389.165539827878
2020-04-11,9550.391992611738,-19196.022764654666,37273.03025045653,-19336.412071395196,37296.0167382414,-312.21663058317466,-312.21663058317466,-312.21663058317466,-312.21663058317466,-312.21663058317466,-312.21663058317466,0.0,0.0,0.0,9238.175362028564
2020-04-12,9548.596367878328,-18708.173987321577,39452.2444566694,-19657.540468391013,37541.0202030348,1344.6912245672402,1344.6912245672402,1344.6912245672402,1344.6912245672402,1344.6912245672402,1344.6912245672402,0.0,0.0,0.0,10893.28759244557
2020-04-13,9546.800743144917,-19456.38590596692,39528.423889999816,-20100.800364921513,37786.75879792384,873.5511963589295,873.5511963589295,873.5511963589295,873.5511963589295,873.5511963589295,873.5511963589295,0.0,0.0,0.0,10420.351939503846
2020-04-14,9545.005118411507,-20590.37150701401,38725.1765597732,-20724.551024293967,38143.603254699105,-667.2180573223505,-667.2180573223505,-667.2180573223505,-667.2180573223505,-667.2180573223505,-667.2180573223505,0.0,0.0,0.0,8877.787061089157
2020-04-15,9543.209493678096,-20445.800551542754,38860.91050827421,-21141.59807559196,38736.37613260469,-747.8306209484732,-747.8306209484732,-747.8306209484732,-747.8306209484732,-747.8306209484732,-747.8306209484732,0.0,0.0,0.0,8795.378872729623
2020-04-16,9541.413868944686,-21433.223776780647,39991.49569989002,-21544.760778353866,39211.49618154607,672.0449654409327,672.0449654409327,672.0449654409327,672.0449654409327,672.0449654409327,672.0449654409327,0.0,0.0,0.0,10213.45883438562
2020-04-17,9539.618244211275,-21340.308541757622,38894.04776023918,-21934.794749006727,39510.43303992549,-1163.0220775166335,-1163.0220775166335,-1163.0220775166335,-1163.0220775166335,-1163.0220775166335,-1163.0220775166335,0.0,0.0,0.0,8376.596166694642
2020-04-18,9537.822619477865,-21313.257105491724,41913.14930676103,-22203.53063553199,39779.8572591816,-312.21663058447024,-312.21663058447024,-312.21663058447024,-312.21663058447024,-312.21663058447024,-312.21663058447024,0.0,0.0,0.0,9225.605988893396
2020-04-19,9536.026994744454,-21781.360502873267,40391.172387875886,-22519.070421379958,40049.2814784377,1344.6912245661454,1344.6912245661454,1344.6912245661454,1344.6912245661454,1344.6912245661454,1344.6912245661454,0.0,0.0,0.0,10880.7182193106
2020-04-20,9534.231370011044,-22257.67523615951,41445.459526889026,-22751.02859656742,40313.64510522333,873.5511963568974,873.5511963568974,873.5511963568974,873.5511963568974,873.5511963568974,873.5511963568974,0.0,0.0,0.0,10407.782566367941
2020-04-21,9532.435745277633,-23872.577305927898,40370.63786392473,-22959.926150613133,40846.36421360637,-667.2180573188626,-667.2180573188626,-667.2180573188626,-667.2180573188626,-667.2180573188626,-667.2180573188626,0.0,0.0,0.0,8865.21768795877
2020-04-22,9530.640120544223,-24790.30942082847,41580.97638686079,-23228.902913491776,41262.71756411552,-747.8306209465749,-747.8306209465749,-747.8306209465749,-747.8306209465749,-747.8306209465749,-747.8306209465749,0.0,0.0,0.0,8782.809499597648
2020-04-23,9528.844495810812,-22604.87769544302,42272.05515369545,-23632.884910791825,41902.07086477204,672.0449654406245,672.0449654406245,672.0449654406245,672.0449654406245,672.0449654406245,672.0449654406245,0.0,0.0,0.0,10200.889461251436
2020-04-24,9527.048871077403,-25063.189678202012,41913.52389126557,-23865.483777227983,42312.40105467916,-1163.0220775183277,-1163.0220775183277,-1163.0220775183277,-1163.0220775183277,-1163.0220775183277,-1163.0220775183277,0.0,0.0,0.0,8364.026793559075
2020-04-25,9525.253246343991,-24607.08706758674,43357.379660636405,-24134.271727824584,42679.87726076152,-312.2166305815703,-312.2166305815703,-312.2166305815703,-312.2166305815703,-312.2166305815703,-312.2166305815703,0.0,0.0,0.0,9213.036615762421
2020-04-26,9523.457621610582,-22875.184732786434,44415.45813995782,-24601.638364167728,43025.58690898878,1344.6912245676644,1344.6912245676644,1344.6912245676644,1344.6912245676644,1344.6912245676644,1344.6912245676644,0.0,0.0,0.0,10868.148846178246
2020-04-27,9521.66199687717,-23660.924090840253,44240.62749257365,-24956.708701205924,43434.70832025163,873.5511963627816,873.5511963627816,873.5511963627816,873.5511963627816,873.5511963627816,873.5511963627816,0.0,0.0,0.0,10395.213193239952
2020-04-28,9519.86637214376,-25281.63036343016,43314.57246958216,-25230.672246636343,43666.66394722211,-667.2180573190541,-667.2180573190541,-667.2180573190541,-667.2180573190541,-667.2180573190541,-667.2180573190541,0.0,0.0,0.0,8852.648314824706
2020-04-29,9518.07074741035,-25187.92873883392,44870.04300787091,-25492.114219973417,43928.70486405761,-747.8306209469963,-747.8306209469963,-747.8306209469963,-747.8306209469963,-747.8306209469963,-747.8306209469963,0.0,0.0,0.0,8770.240126463354
2020-04-30,9516.27512267694,-25170.93188585162,45650.84133874538,-25745.49186175053,44518.09869422087,672.0449654403199,672.0449654403199,672.0449654403199,672.0449654403199,672.0449654403199,672.0449654403199,0.0,0.0,0.0,10188.32008811726
2020-05-01,9514.479497943528,-26564.108679446854,45193.5232444673,-25998.86950352764,45087.061887504395,-1163.022077513319,-1163.022077513319,-1163.022077513319,-1163.022077513319,-1163.022077513319,-1163.022077513319,0.0,0.0,0.0,8351.45742043021
2020-05-02,9512.683873210119,-25667.58017432305,45693.84129425083,-26482.687419739374,45423.02597928358,-312.21663058781604,-312.21663058781604,-312.21663058781604,-312.21663058781604,-312.21663058781604,-312.21663058781604,0.0,0.0,0.0,9200.467242622302
2020-05-03,9510.888248476707,-25804.153943725978,47056.03289383533,-26635.200597945324,45751.39928700695,1344.6912245665699,1344.6912245665699,1344.6912245665699,1344.6912245665699,1344.6912245665699,1344.6912245665699,0.0,0.0,0.0,10855.579473043277
2020-05-04,9509.092623743298,-26881.430557871357,47864.210821041524,-27059.96576982862,46131.374019135896,873.5511963607494,873.5511963607494,873.5511963607494,873.5511963607494,873.5511963607494,873.5511963607494,0.0,0.0,0.0,10382.643820104047
2020-05-05,9507.296999009886,-29087.710533572314,47159.76726493225,-27460.08261476482,46646.93523029112,-667.2180573192456,-667.2180573192456,-667.2180573192456,-667.2180573192456,-667.2180573192456,-667.2180573192456,0.0,0.0,0.0,8840.078941690641
2020-05-06,9505.501374276477,-28458.97007361595,45290.181991271005,-27673.655367121388,47183.073267327636,-747.8306209450978,-747.8306209450978,-747.8306209450978,-747.8306209450978,-747.8306209450978,-747.8306209450978,0.0,0.0,0.0,8757.670753331378
2020-05-07,9503.705749543065,-28638.585908894787,48410.84020817632,-28108.06034457585,47654.27353990021,672.0449654400118,672.0449654400118,672.0449654400118,672.0449654400118,672.0449654400118,672.0449654400118,0.0,0.0,0.0,10175.750714983078
2020-05-08,9501.910124809656,-29533.336664007435,47840.06910829451,-28252.582715504246,47895.549183472205,-1163.022077515013,-1163.022077515013,-1163.022077515013,-1163.022077515013,-1163.022077515013,-1163.022077515013,0.0,0.0,0.0,8338.888047294642
2020-05-09,9500.114500076244,-29604.235445149938,48523.15649773762,-28294.15397265304,48413.98500792845,-312.2166305870138,-312.2166305870138,-312.2166305870138,-312.2166305870138,-312.2166305870138,-312.2166305870138,0.0,0.0,0.0,9187.89786948923
2020-05-10,9498.318875342835,-28762.967956288143,50529.91524873222,-28653.50185120388,48645.51415998362,1344.6912245707028,1344.6912245707028,1344.6912245707028,1344.6912245707028,1344.6912245707028,1344.6912245707028,0.0,0.0,0.0,10843.010099913537
2020-05-11,9496.523250609423,-28868.053159583527,50010.86138068215,-29008.53126607221,49253.82118324448,873.5511963613301,873.5511963613301,873.5511963613301,873.5511963613301,873.5511963613301,873.5511963613301,0.0,0.0,0.0,10370.074446970753
2020-05-12,9494.727625876014,-30561.117576234963,49462.98442063308,-29379.848305831318,49532.67858763293,-667.2180573215308,-667.2180573215308,-667.2180573215308,-667.2180573215308,-667.2180573215308,-667.2180573215308,0.0,0.0,0.0,8827.509568554484
2020-05-13,9492.932001142603,-30471.022927851707,49431.55691322935,-29719.223384245342,49997.81272544641,-747.8306209498808,-747.8306209498808,-747.8306209498808,-747.8306209498808,-747.8306209498808,-747.8306209498808,0.0,0.0,0.0,8745.101380192722
2020-05-14,9491.136376409193,-31319.173491048987,50902.49159342594,-30223.531812011784,50434.40995269331,672.0449654397071,672.0449654397071,672.0449654397071,672.0449654397071,672.0449654397071,672.0449654397071,0.0,0.0,0.0,10163.1813418489
2020-05-15,9489.340751675782,-33069.01757160363,50841.61547443953,-30462.767950763035,50866.52335018856,-1163.0220775155415,-1163.0220775155415,-1163.0220775155415,-1163.0220775155415,-1163.0220775155415,-1163.0220775155415,0.0,0.0,0.0,8326.31867416024
2020-05-16,9487.545126942372,-32591.41932780754,49942.87184662853,-30847.5263093884,51298.6367476838,-312.2166305862116,-312.2166305862116,-312.2166305862116,-312.2166305862116,-312.2166305862116,-312.2166305862116,0.0,0.0,0.0,9175.32849635616
2020-05-17,9485.74950220896,-29750.931322305198,51803.3619135476,-31230.368046081796,51730.75014517904,1344.6912245696083,1344.6912245696083,1344.6912245696083,1344.6912245696083,1344.6912245696083,1344.6912245696083,0.0,0.0,0.0,10830.440726778568
2020-05-18,9483.953877475551,-31242.89864996056,52842.386031528025,-31603.295160744154,52060.898001051035,873.5511963646013,873.5511963646013,873.5511963646013,873.5511963646013,873.5511963646013,873.5511963646013,0.0,0.0,0.0,10357.505073840151
2020-05-19,9482.15825274214,-32802.964295229256,50629.02233635238,-31972.939720629485,52396.63729222467,-667.2180573238159,-667.2180573238159,-667.2180573238159,-667.2180573238159,-667.2180573238159,-667.2180573238159,0.0,0.0,0.0,8814.940195418323
2020-05-20,9480.36262800873,-33138.11700784971,53428.433179884654,-32485.53771715762,52887.22253749996,-747.8306209491423,-747.8306209491423,-747.8306209491423,-747.8306209491423,-747.8306209491423,-747.8306209491423,0.0,0.0,0.0,8732.532007059588
2020-05-21,9478.567003275319,-33448.28427218557,55013.57733357841,-33059.10491833958,53369.10267621684,672.0449654393956,672.0449654393956,672.0449654393956,672.0449654393956,672.0449654393956,672.0449654393956,0.0,0.0,0.0,10150.611968714715
2020-05-22,9476.77137854191,-34712.384814529614,53366.13450804216,-33632.67211952155,53859.212779929,-1163.0220775160697,-1163.0220775160697,-1163.0220775160697,-1163.0220775160697,-1163.0220775160697,-1163.0220775160697,0.0,0.0,0.0,8313.74930102584
2020-05-23,9474.975753808498,-34020.745339969515,53512.74267027995,-34153.697861400586,54148.045239425766,-312.21663058331177,-312.21663058331177,-312.21663058331177,-312.21663058331177,-312.21663058331177,-312.21663058331177,0.0,0.0,0.0,9162.759123225185
2020-05-24,9473.180129075088,-32161.679624368513,55279.43001323808,-34409.76446006122,54505.1491063055,1344.6912245660378,1344.6912245660378,1344.6912245660378,1344.6912245660378,1344.6912245660378,1344.6912245660378,0.0,0.0,0.0,10817.871353641127
2020-05-25,9471.384504341677,-34765.14582550721,55306.40115512524,-34451.724015667656,54865.859448477895,873.5511963651819,873.5511963651819,873.5511963651819,873.5511963651819,873.5511963651819,873.5511963651819,0.0,0.0,0.0,10344.93570070686
2020-05-26,9469.588879608267,-35621.7927422599,54012.20444114006,-34554.47656782433,55320.20517741369,-667.2180573240074,-667.2180573240074,-667.2180573240074,-667.2180573240074,-667.2180573240074,-667.2180573240074,0.0,0.0,0.0,8802.37082228426
2020-05-27,9467.793254874856,-36763.44929110138,55304.19708004501,-34911.59907695613,55764.18293595947,-747.8306209484037,-747.8306209484037,-747.8306209484037,-747.8306209484037,-747.8306209484037,-747.8306209484037,0.0,0.0,0.0,8719.962633926452
2020-05-28,9465.997630141446,-34544.97235915154,56939.52439538484,-35268.721586087944,56135.346746963056,672.0449654407801,672.0449654407801,672.0449654407801,672.0449654407801,672.0449654407801,672.0449654407801,0.0,0.0,0.0,10138.042595582227
2020-05-29,9464.202005408035,-37192.27163528599,54966.445006066446,-35625.84409521975,56509.62633160119,-1163.022077512227,-1163.022077512227,-1163.022077512227,-1163.022077512227,-1163.022077512227,-1163.022077512227,0.0,0.0,0.0,8301.179927895808
2020-05-30,9462.406380674625,-37053.50932388221,56387.47308141224,-35977.06414883003,56663.33324517855,-312.2166305804119,-312.2166305804119,-312.2166305804119,-312.2166305804119,-312.2166305804119,-312.2166305804119,0.0,0.0,0.0,9150.189750094214
2020-05-31,9460.610755941214,-36348.07648805457,58389.67652617889,-36327.662251831105,57119.62694138804,1344.691224567557,1344.691224567557,1344.691224567557,1344.691224567557,1344.691224567557,1344.691224567557,0.0,0.0,0.0,10805.301980508772
2020-06-01,9458.815131207804,-36371.68337609253,57649.11708021668,-36643.062455611216,57651.439099110365,873.5511963605373,873.5511963605373,873.5511963605373,873.5511963605373,873.5511963605373,873.5511963605373,0.0,0.0,0.0,10332.366327568341
2020-06-02,9457.019506474393,-37654.163757136484,58361.28372041359,-37017.09724224933,58186.86828995658,-667.2180573241988,-667.2180573241988,-667.2180573241988,-667.2180573241988,-667.2180573241988,-667.2180573241988,0.0,0.0,0.0,8789.801449150194
2020-06-03,9455.223881740983,-40384.05361764827,57856.26577061684,-37369.26056797531,58721.23059354805,-747.8306209465053,-747.8306209465053,-747.8306209465053,-747.8306209465053,-747.8306209465053,-747.8306209465053,0.0,0.0,0.0,8707.393260794479
2020-06-04,9453.428257007572,-38154.0106020557,59868.837740775176,-37796.91420922891,59078.886531951095,672.0449654404721,672.0449654404721,672.0449654404721,672.0449654404721,672.0449654404721,672.0449654404721,0.0,0.0,0.0,10125.473222448045
2020-06-05,9451.632632274162,-39454.58010785068,59715.83545804252,-38178.80591285807,59167.13920151425,-1163.0220775139212,-1163.0220775139212,-1163.0220775139212,-1163.0220775139212,-1163.0220775139212,-1163.0220775139212,0.0,0.0,0.0,8288.610554760242
2020-06-06,9449.837007540751,-39733.65524056071,59648.45868683614,-38537.44425161668,59537.43223627274,-312.21663057960956,-312.21663057960956,-312.21663057960956,-312.21663057960956,-312.21663057960956,-312.21663057960956,0.0,0.0,0.0,9137.620376961142
2020-06-07,9448.041382807342,-38896.31467647159,60781.89013958595,-38901.75311589957,60010.84023912496,1344.6912245690762,1344.6912245690762,1344.6912245690762,1344.6912245690762,1344.6912245690762,1344.6912245690762,0.0,0.0,0.0,10792.732607376418
2020-06-08,9446.24575807393,-38708.62946760873,61307.72309940589,-39191.2074835457,60316.09156272173,873.5511963611177,873.5511963611177,873.5511963611177,873.5511963611177,873.5511963611177,873.5511963611177,0.0,0.0,0.0,10319.796954435047
2020-06-09,9444.45013334052,-40673.08038506218,60787.963857245784,-39646.133467207655,60841.29339444651,-667.2180573207108,-667.2180573207108,-667.2180573207108,-667.2180573207108,-667.2180573207108,-667.2180573207108,0.0,0.0,0.0,8777.232076019809
2020-06-10,9442.65450860711,-40605.62071689924,60112.27849789508,-40037.82198209433,61366.49522617128,-747.8306209446068,-747.8306209446068,-747.8306209446068,-747.8306209446068,-747.8306209446068,-747.8306209446068,0.0,0.0,0.0,8694.823887662502
2020-06-11,9440.8588838737,-39674.01438735832,62594.5631178191,-40429.510496981005,61891.69705789605,672.0449654401672,672.0449654401672,672.0449654401672,672.0449654401672,672.0449654401672,672.0449654401672,0.0,0.0,0.0,10112.903849313867
2020-06-12,9439.063259140288,-42626.28785876241,62106.49256476992,-40802.0788380383,62356.62688716973,-1163.0220775132834,-1163.0220775132834,-1163.0220775132834,-1163.0220775132834,-1163.0220775132834,-1163.0220775132834,0.0,0.0,0.0,8276.041181627004
2020-06-13,9437.267634406879,-40118.49611377108,63538.060039259355,-41158.81694429504,62758.151218017134,-312.2166305788072,-312.2166305788072,-312.2166305788072,-312.2166305788072,-312.2166305788072,-312.2166305788072,0.0,0.0,0.0,9125.051003828072
2020-06-14,9435.472009673467,-39703.20937463617,65064.73500657351,-41515.5550505518,63158.22041793846,1344.691224565506,1344.691224565506,1344.691224565506,1344.691224565506,1344.691224565506,1344.691224565506,0.0,0.0,0.0,10780.163234238973
2020-06-15,9433.676384940058,-42393.78931044574,64174.293632633766,-41872.29315680855,63534.440358727436,873.5511963590858,873.5511963590858,873.5511963590858,873.5511963590858,873.5511963590858,873.5511963590858,0.0,0.0,0.0,10307.227581299143
2020-06-16,9431.880760206646,-43793.50238278892,64642.313374895144,-42229.031263065306,63910.66029951641,-667.2180573229958,-667.2180573229958,-667.2180573229958,-667.2180573229958,-667.2180573229958,-667.2180573229958,0.0,0.0,0.0,8764.66270288365
2020-06-17,9430.085135473237,-43726.39693053018,65710.84538360685,-42585.76936932205,64315.395595019596,-747.8306209438683,-747.8306209438683,-747.8306209438683,-747.8306209438683,-747.8306209438683,-747.8306209438683,0.0,0.0,0.0,8682.254514529368
2020-06-18,9428.289510739825,-43914.22657136952,65258.74141453614,-42942.50747557881,64793.8868122564,672.0449654398591,672.0449654398591,672.0449654398591,672.0449654398591,672.0449654398591,672.0449654398591,0.0,0.0,0.0,10100.334476179685
2020-06-19,9426.493886006416,-47511.10639828221,63666.04947037962,-43353.55207819882,65452.360853350445,-1163.0220775149778,-1163.0220775149778,-1163.0220775149778,-1163.0220775149778,-1163.0220775149778,-1163.0220775149778,0.0,0.0,0.0,8263.471808491438
2020-06-20,9424.698261273004,-45232.95202091076,64823.86932022608,-43732.893781154,66082.8063563095,-312.2166305850531,-312.2166305850531,-312.2166305850531,-312.2166305850531,-312.2166305850531,-312.2166305850531,0.0,0.0,0.0,9112.481630687951
2020-06-21,9422.902636539595,-43379.15059873019,68064.84497861541,-44081.99310562074,66686.67550298407,1344.691224567025,1344.691224567025,1344.691224567025,1344.691224567025,1344.691224567025,1344.691224567025,0.0,0.0,0.0,10767.59386110662
2020-06-22,9421.107011806183,-46377.830612297184,66949.81225192655,-44512.72002427457,67112.44371544458,873.5511963596663,873.5511963596663,873.5511963596663,873.5511963596663,873.5511963596663,873.5511963596663,0.0,0.0,0.0,10294.658208165849
2020-06-23,9419.311387072774,-45015.0020292573,66014.20066820782,-45033.58778356372,67315.1473916759,-667.2180573210939,-667.2180573210939,-667.2180573210939,-667.2180573210939,-667.2180573210939,-667.2180573210939,0.0,0.0,0.0,8752.09332975168
2020-06-24,9417.515762339362,-46669.46707421046,67733.79348578442,-45567.22288999614,67531.15030187843,-747.8306209431298,-747.8306209431298,-747.8306209431298,-747.8306209431298,-747.8306209431298,-747.8306209431298,0.0,0.0,0.0,8669.685141396232
2020-06-25,9415.720137605953,-47029.86626017347,69092.0288986175,-46100.857996428545,67743.18989979081,672.0449654412437,672.0449654412437,672.0449654412437,672.0449654412437,672.0449654412437,672.0449654412437,0.0,0.0,0.0,10087.765103047197
2020-06-26,9413.924512872542,-48231.081475306295,67507.28942880865,-46634.49310286096,68265.55255926264,-1163.0220775155058,-1163.0220775155058,-1163.0220775155058,-1163.0220775155058,-1163.0220775155058,-1163.0220775155058,0.0,0.0,0.0,8250.902435357035
2020-06-27,9412.128888139132,-47990.37657062598,69824.17966728036,-47168.128209293376,68785.45294390911,-312.21663058215313,-312.21663058215313,-312.21663058215313,-312.21663058215313,-312.21663058215313,-312.21663058215313,0.0,0.0,0.0,9099.912257556978
2020-06-28,9410.33326340572,-46715.943536907296,71559.04761552218,-47856.066949642634,69173.18274749063,1344.6912245659303,1344.6912245659303,1344.6912245659303,1344.6912245659303,1344.6912245659303,1344.6912245659303,0.0,0.0,0.0,10755.02448797165
2020-06-29,9408.537638672311,-48055.51821626655,72502.638687259,-48590.34359628156,69527.51641176567,873.551196357634,873.551196357634,873.551196357634,873.551196357634,873.551196357634,873.551196357634,0.0,0.0,0.0,10282.088835029945
2020-06-30,9406.7420139389,-49732.25826959839,68694.50321548055,-49180.80103796446,70038.41394707416,-667.2180573233788,-667.2180573233788,-667.2180573233788,-667.2180573233788,-667.2180573233788,-667.2180573233788,0.0,0.0,0.0,8739.523956615521
2020-07-01,9404.94638920549,-50976.97759810589,71007.67911849194,-49796.42219038894,70549.31148238265,-747.8306209490728,-747.8306209490728,-747.8306209490728,-747.8306209490728,-747.8306209490728,-747.8306209490728,0.0,0.0,0.0,8657.115768256417
2020-07-02,9403.150764472079,-48600.63819239286,72378.90366395599,-50416.10659613127,71060.20901769116,672.0449654409355,672.0449654409355,672.0449654409355,672.0449654409355,672.0449654409355,672.0449654409355,0.0,0.0,0.0,10075.195729913014
2020-07-03,9401.35513973867,-53147.18110043825,70126.52861171476,-50706.30215504299,71571.10655299967,-1163.0220775172002,-1163.0220775172002,-1163.0220775172002,-1163.0220775172002,-1163.0220775172002,-1163.0220775172002,0.0,0.0,0.0,8238.333062221469
2020-07-04,9399.559515005258,-51534.37361473571,71944.63211312101,-51075.4841922516,72150.73836850871,-312.2166305834487,-312.2166305834487,-312.2166305834487,-312.2166305834487,-312.2166305834487,-312.2166305834487,0.0,0.0,0.0,9087.342884421809
2020-07-05,9397.763890271848,-50135.27102121555,74650.16931253644,-51536.09552905954,72675.34578227188,1344.6912245700632,1344.6912245700632,1344.6912245700632,1344.6912245700632,1344.6912245700632,1344.6912245700632,0.0,0.0,0.0,10742.455114841912
2020-07-06,9395.968265538437,-50823.939723698306,74463.02383078556,-52098.332195360425,73103.79915892518,873.5511963635182,873.5511963635182,873.5511963635182,873.5511963635182,873.5511963635182,873.5511963635182,0.0,0.0,0.0,10269.519461901955
2020-07-07,9394.172640805027,-52812.830434857264,71884.85764174572,-52619.61323243028,73614.81053660573,-667.2180573235703,-667.2180573235703,-667.2180573235703,-667.2180573235703,-667.2180573235703,-667.2180573235703,0.0,0.0,0.0,8726.954583481456
2020-07-08,9392.377016071616,-54484.16491423794,73934.84522057671,-53071.355844482816,74123.7121245235,-747.8306209471742,-747.8306209471742,-747.8306209471742,-747.8306209471742,-747.8306209471742,-747.8306209471742,0.0,0.0,0.0,8644.546395124442
2020-07-09,9390.581391338206,-52141.19367003923,76237.82482638738,-53697.67941948034,74630.39008030645,672.0449654406308,672.0449654406308,672.0449654406308,672.0449654406308,672.0449654406308,672.0449654406308,0.0,0.0,0.0,10062.626356778837
2020-07-10,9388.785766604795,-55020.98415537185,74520.75953782632,-54324.00299447786,75095.55496787599,-1163.0220775177283,-1163.0220775177283,-1163.0220775177283,-1163.0220775177283,-1163.0220775177283,-1163.0220775177283,0.0,0.0,0.0,8225.763689087067
2020-07-11,9386.990141871385,-53834.462142279786,75315.93180835324,-54950.32656947538,75519.20678723218,-312.2166305805487,-312.2166305805487,-312.2166305805487,-312.2166305805487,-312.2166305805487,-312.2166305805487,0.0,0.0,0.0,9074.773511290836
2020-07-12,9385.194517137974,-53376.27890330389,77560.29617128054,-55423.16016065467,76027.96748556073,1344.6912245689684,1344.6912245689684,1344.6912245689684,1344.6912245689684,1344.6912245689684,1344.6912245689684,0.0,0.0,0.0,10729.885741706943
2020-07-13,9383.398892404564,-53091.907169684244,77390.8468111376,-55669.96672158033,76572.09549644876,873.5511963614861,873.5511963614861,873.5511963614861,873.5511963614861,873.5511963614861,873.5511963614861,0.0,0.0,0.0,10256.95008876605
2020-07-14,9381.603267671153,-56135.90427824969,77778.57266614266,-56121.36818883883,77085.55449369326,-667.2180573258554,-667.2180573258554,-667.2180573258554,-667.2180573258554,-667.2180573258554,-667.2180573258554,0.0,0.0,0.0,8714.385210345297
2020-07-15,9379.807642937743,-56554.02545767527,76522.27772086258,-56671.39985267622,77517.80572125032,-747.8306209464358,-747.8306209464358,-747.8306209464358,-747.8306209464358,-747.8306209464358,-747.8306209464358,0.0,0.0,0.0,8631.977021991308
2020-07-16,9378.012018204332,-55742.15276772881,78484.484519758,-57237.154488392494,77927.54889013204,672.0449654403194,672.0449654403194,672.0449654403194,672.0449654403194,672.0449654403194,672.0449654403194,0.0,0.0,0.0,10050.056983644652
2020-07-17,9376.216393470922,-58446.21068248764,76960.0315838622,-57760.28639465833,78204.64377019109,-1163.0220775138855,-1163.0220775138855,-1163.0220775138855,-1163.0220775138855,-1163.0220775138855,-1163.0220775138855,0.0,0.0,0.0,8213.194315957036
2020-07-18,9374.420768737511,-58319.61945115416,78665.18067458998,-58196.08674752602,78760.98887646553,-312.21663058889243,-312.21663058889243,-312.21663058889243,-312.21663058889243,-312.21663058889243,-312.21663058889243,0.0,0.0,0.0,9062.204138148618
2020-07-19,9372.625144004101,-58427.55113352361,79668.31793480672,-58786.567864883946,79320.66770035615,1344.6912245678736,1344.6912245678736,1344.6912245678736,1344.6912245678736,1344.6912245678736,1344.6912245678736,0.0,0.0,0.0,10717.316368571976
2020-07-20,9370.82951927069,-57449.0418785978,81802.47626834748,-59422.8317483889,79908.40254173115,873.5511963620664,873.5511963620664,873.5511963620664,873.5511963620664,873.5511963620664,873.5511963620664,0.0,0.0,0.0,10244.380715632757
2020-07-21,9369.03389453728,-60832.09963114535,80329.56208167282,-60043.2623645277,80265.20769109527,-667.218057326047,-667.218057326047,-667.218057326047,-667.218057326047,-667.218057326047,-667.218057326047,0.0,0.0,0.0,8701.815837211234
2020-07-22,9367.23826980387,-60354.34073493099,78686.23333593742,-60588.00916230909,80621.89074027758,-747.8306209500589,-747.8306209500589,-747.8306209500589,-747.8306209500589,-747.8306209500589,-747.8306209500589,0.0,0.0,0.0,8619.40764885381
2020-07-23,9365.44264507046,-60891.90527212292,81929.62042638293,-61259.01805333319,81113.14097570878,672.0449654400146,672.0449654400146,672.0449654400146,672.0449654400146,672.0449654400146,672.0449654400146,0.0,0.0,0.0,10037.487610510474
2020-07-24,9363.647020337048,-61119.085873434684,79868.00356227015,-61917.306982953196,81459.25935398806,-1163.0220775144135,-1163.0220775144135,-1163.0220775144135,-1163.0220775144135,-1163.0220775144135,-1163.0220775144135,0.0,0.0,0.0,8200.624942822635
2020-07-25,9361.851395603639,-60364.45757133308,81231.20144292279,-62552.25308513673,81790.34663512287,-312.2166305859924,-312.2166305859924,-312.2166305859924,-312.2166305859924,-312.2166305859924,-312.2166305859924,0.0,0.0,0.0,9049.634765017647
2020-07-26,9360.055770870227,-61784.34959311666,85061.47988816431,-63181.03177990903,82201.90676718211,1344.6912245693927,1344.6912245693927,1344.6912245693927,1344.6912245693927,1344.6912245693927,1344.6912245693927,0.0,0.0,0.0,10704.74699543962
2020-07-27,9358.260146136818,-61973.40965723629,83777.4062592298,-63610.584990629846,82723.84420025126,873.551196357422,873.551196357422,873.551196357422,873.551196357422,873.551196357422,873.551196357422,0.0,0.0,0.0,10231.81134249424
2020-07-28,9356.464521403406,-62496.472957455946,82005.18815538951,-64119.65062094467,83263.74637141143,-667.2180573204656,-667.2180573204656,-667.2180573204656,-667.2180573204656,-667.2180573204656,-667.2180573204656,0.0,0.0,0.0,8689.24646408294
2020-07-29,9354.668896669997,-62420.51688802265,83365.08951606925,-64490.663712484326,83925.87699605728,-747.8306209504804,-747.8306209504804,-747.8306209504804,-747.8306209504804,-747.8306209504804,-747.8306209504804,0.0,0.0,0.0,8606.838275719516
2020-07-30,9352.873271936585,-62169.50396992517,84711.87873620595,-64983.22173847731,84386.05153169934,672.0449654397098,672.0449654397098,672.0449654397098,672.0449654397098,672.0449654397098,672.0449654397098,0.0,0.0,0.0,10024.918237376296
2020-07-31,9351.077647203176,-65930.04116789548,84539.72989112428,-65469.11850177459,84808.2590478259,-1163.022077516108,-1163.022077516108,-1163.022077516108,-1163.022077516108,-1163.022077516108,-1163.022077516108,0.0,0.0,0.0,8188.055569687068
2020-08-01,9349.282022469764,-64030.46565820569,85896.39075523292,-65931.23629882697,85247.29739165425,-312.2166305851902,-312.2166305851902,-312.2166305851902,-312.2166305851902,-312.2166305851902,-312.2166305851902,0.0,0.0,0.0,9037.065391884575
2020-08-02,9347.486397736355,-65031.62923712271,86651.45019346623,-66241.11767310862,85831.23468099585,1344.6912245632086,1344.6912245632086,1344.6912245632086,1344.6912245632086,1344.6912245632086,1344.6912245632086,0.0,0.0,0.0,10692.177622299563
2020-08-03,9345.690773002943,-63237.51043520262,88293.5395977973,-66430.34700799543,86416.91007710845,873.5511963580025,873.5511963580025,873.5511963580025,873.5511963580025,873.5511963580025,873.5511963580025,0.0,0.0,0.0,10219.241969360946
2020-08-04,9343.895148269534,-66843.97803935532,87594.4509716191,-66618.60526891278,86986.8803915946,-667.2180573206571,-667.2180573206571,-667.2180573206571,-667.2180573206571,-667.2180573206571,-667.2180573206571,0.0,0.0,0.0,8676.677090948877
2020-08-05,9342.099523536122,-67885.40133679463,87719.15341997666,-66980.94943696495,87485.34286496454,-747.830620948582,-747.830620948582,-747.830620948582,-747.830620948582,-747.830620948582,-747.830620948582,0.0,0.0,0.0,8594.26890258754
2020-08-06,9340.303898802713,-66718.47387199417,89742.67325165014,-67344.47915174274,87985.05467425943,672.0449654394017,672.0449654394017,672.0449654394017,672.0449654394017,672.0449654394017,672.0449654394017,0.0,0.0,0.0,10012.348864242114
2020-08-07,9338.508274069301,-68436.89347931703,87301.69257087221,-67707.57939307214,88629.59232235425,-1163.02207751547,-1163.02207751547,-1163.02207751547,-1163.02207751547,-1163.02207751547,-1163.02207751547,0.0,0.0,0.0,8175.486196553831
2020-08-08,9336.712649335892,-69343.07935848142,89505.41078764446,-68063.81018756001,89079.81553888376,-312.21663058438804,-312.21663058438804,-312.21663058438804,-312.21663058438804,-312.21663058438804,-312.21663058438804,0.0,0.0,0.0,9024.496018751504
2020-08-09,9334.91702460248,-66313.0866429418,92259.1649673787,-68420.04098204791,89556.55768712157,1344.6912245673418,1344.6912245673418,1344.6912245673418,1344.6912245673418,1344.6912245673418,1344.6912245673418,0.0,0.0,0.0,10679.608249169822
2020-08-10,9333.121399869071,-68413.55196470598,90146.93769763634,-68776.27177653578,90203.51937130559,873.551196358583,873.551196358583,873.551196358583,873.551196358583,873.551196358583,873.551196358583,0.0,0.0,0.0,10206.672596227654
2020-08-11,9331.32577513566,-67876.09836460174,87781.43893597595,-69132.50257102365,90785.29494214893,-667.2180573229421,-667.2180573229421,-667.2180573229421,-667.2180573229421,-667.2180573229421,-667.2180573229421,0.0,0.0,0.0,8664.107717812718
2020-08-12,9329.53015040225,-71072.43218333129,89689.1146120435,-69488.73336551152,91074.02838422025,-747.8306209478435,-747.8306209478435,-747.8306209478435,-747.8306209478435,-747.8306209478435,-747.8306209478435,0.0,0.0,0.0,8581.699529454407
2020-08-13,9327.734525668839,-67885.8446349984,92360.05673569535,-69901.98368496109,91719.00206827956,672.0449654407897,672.0449654407897,672.0449654407897,672.0449654407897,672.0449654407897,672.0449654407897,0.0,0.0,0.0,9999.779491109628
2020-08-14,9325.938900935429,-70571.78855086851,90099.96870482911,-70213.66911810511,92392.29776262263,-1163.0220775127934,-1163.0220775127934,-1163.0220775127934,-1163.0220775127934,-1163.0220775127934,-1163.0220775127934,0.0,0.0,0.0,8162.916823422635
2020-08-15,9324.143276202018,-71074.3805718765,92388.23917455175,-70461.0831951618,93057.81142666789,-312.2166305835858,-312.2166305835858,-312.2166305835858,-312.2166305835858,-312.2166305835858,-312.2166305835858,0.0,0.0,0.0,9011.926645618432
2020-08-16,9322.347651468608,-68894.50926415899,94637.4239529235,-70762.94968973071,93563.09108781857,1344.6912245662468,1344.6912245662468,1344.6912245662468,1344.6912245662468,1344.6912245662468,1344.6912245662468,0.0,0.0,0.0,10667.038876034854
2020-08-17,9320.552026735197,-71355.71711631754,94294.31258346188,-71307.1747539428,93789.8169926839,873.5511963565507,873.5511963565507,873.5511963565507,873.5511963565507,873.5511963565507,873.5511963565507,0.0,0.0,0.0,10194.103223091748
2020-08-18,9318.756402001787,-72946.20481083247,92995.53309316761,-71728.07092168195,93973.7101445522,-667.218057319454,-667.218057319454,-667.218057319454,-667.218057319454,-667.218057319454,-667.218057319454,0.0,0.0,0.0,8651.538344682333
2020-08-19,9316.960777268376,-72461.78404677556,93013.3133826117,-72096.31956814993,94510.8473146448,-747.830620947105,-747.830620947105,-747.830620947105,-747.830620947105,-747.830620947105,-747.830620947105,0.0,0.0,0.0,8569.130156321271
2020-08-20,9315.165152534966,-70668.02714305595,95870.00497783764,-72446.89250745809,95080.07398377181,672.0449654404781,672.0449654404781,672.0449654404781,672.0449654404781,672.0449654404781,672.0449654404781,0.0,0.0,0.0,9987.210117975445
2020-08-21,9313.369527801555,-73544.79291915432,94905.3636282008,-72897.09302925975,95568.71987760426,-1163.0220775121556,-1163.0220775121556,-1163.0220775121556,-1163.0220775121556,-1163.0220775121556,-1163.0220775121556,0.0,0.0,0.0,8150.347450289399
2020-08-22,9311.573903068145,-74730.17838707246,96191.03632052557,-73427.14253884419,95825.63241738873,-312.21663058068583,-312.21663058068583,-312.21663058068583,-312.21663058068583,-312.21663058068583,-312.21663058068583,0.0,0.0,0.0,8999.35727248746
2020-08-23,9309.778278334734,-72593.48030857238,97240.26181339289,-73955.07421989983,96245.03236059105,1344.691224567766,1344.691224567766,1344.691224567766,1344.691224567766,1344.691224567766,1344.691224567766,0.0,0.0,0.0,10654.4695029025
2020-08-24,9307.982653601324,-73159.278745301,97069.99626854545,-74446.41594698574,97046.72406642063,873.5511963650473,873.5511963650473,873.5511963650473,873.5511963650473,873.5511963650473,873.5511963650473,0.0,0.0,0.0,10181.533849966372
2020-08-25,9306.187028867913,-76344.91125185248,96719.80243173383,-74900.189478035,97486.40792127096,-667.2180573217391,-667.2180573217391,-667.2180573217391,-667.2180573217391,-667.2180573217391,-667.2180573217391,0.0,0.0,0.0,8638.968971546174
2020-08-26,9304.391404134503,-75094.60335654803,98244.06703557551,-75177.84324910562,97893.48622964865,-747.8306209463663,-747.8306209463663,-747.8306209463663,-747.8306209463663,-747.8306209463663,-747.8306209463663,0.0,0.0,0.0,8556.560783188137
2020-08-27,9302.595779401092,-74541.20770485578,99621.04924588883,-75647.36452690631,98516.70582461615,672.0449654401734,672.0449654401734,672.0449654401734,672.0449654401734,672.0449654401734,672.0449654401734,0.0,0.0,0.0,9974.640744841265
2020-08-28,9300.800154667682,-78648.82936749083,97800.41272954547,-76212.56147360255,99280.38223471577,-1163.0220775138498,-1163.0220775138498,-1163.0220775138498,-1163.0220775138498,-1163.0220775138498,-1163.0220775138498,0.0,0.0,0.0,8137.778077153833
2020-08-29,9299.004529934271,-77744.28282614338,98953.26390783,-76946.47419023077,99764.45946199,-312.2166305869317,-312.2166305869317,-312.2166305869317,-312.2166305869317,-312.2166305869317,-312.2166305869317,0.0,0.0,0.0,8986.787899347339
2020-08-30,9297.208905200861,-75809.65710654762,102033.05005758513,-77656.94463189047,100287.18072034622,1344.691224569285,1344.691224569285,1344.691224569285,1344.691224569285,1344.691224569285,1344.691224569285,0.0,0.0,0.0,10641.900129770147
2020-08-31,9295.41328046745,-75628.36399289136,101838.72446557609,-78312.62692451235,101059.33269075725,873.5511963577902,873.5511963577902,873.5511963577902,873.5511963577902,873.5511963577902,873.5511963577902,0.0,0.0,0.0,10168.96447682524
2020-09-01,9293.61765573404,-78003.8224386041,99552.08195929154,-78866.12337063026,101785.98562252737,-667.2180573198372,-667.2180573198372,-667.2180573198372,-667.2180573198372,-667.2180573198372,-667.2180573198372,0.0,0.0,0.0,8626.399598414204
2020-09-02,9291.822031000629,-80483.22911980415,101578.80311353918,-79413.49288082548,102483.09877636976,-747.8306209444679,-747.8306209444679,-747.8306209444679,-747.8306209444679,-747.8306209444679,-747.8306209444679,0.0,0.0,0.0,8543.991410056162
2020-09-03,9290.02640626722,-77721.61457708836,103514.5214380005,-79958.6984215361,103242.19697906988,672.0449654398655,672.0449654398655,672.0449654398655,672.0449654398655,672.0449654398655,672.0449654398655,0.0,0.0,0.0,9962.071371707085
2020-09-04,9288.230781533808,-81585.09997083011,100912.76917192961,-80487.31785368115,103704.60724937303,-1163.022077515544,-1163.022077515544,-1163.022077515544,-1163.022077515544,-1163.022077515544,-1163.022077515544,0.0,0.0,0.0,8125.208704018264
2020-09-05,9286.435156800397,-80255.15787739388,104052.5930643349,-80922.01215515813,104066.02803692731,-312.21663058403175,-312.21663058403175,-312.21663058403175,-312.21663058403175,-312.21663058403175,-312.21663058403175,0.0,0.0,0.0,8974.218526216366
2020-09-06,9284.639532066987,-78974.98565511427,105927.91599263948,-81337.6123556354,104427.44882448159,1344.691224570804,1344.691224570804,1344.691224570804,1344.691224570804,1344.691224570804,1344.691224570804,0.0,0.0,0.0,10629.330756637792
2020-09-07,9282.843907333578,-79945.06490977708,107466.45515909164,-81753.21255611269,104788.8696120359,873.5511963583707,873.5511963583707,873.5511963583707,873.5511963583707,873.5511963583707,873.5511963583707,0.0,0.0,0.0,10156.395103691948
2020-09-08,9281.048282600166,-81436.33428463449,104302.2892282231,-82168.81275658998,105549.17011410887,-667.2180573221223,-667.2180573221223,-667.2180573221223,-667.2180573221223,-667.2180573221223,-667.2180573221223,0.0,0.0,0.0,8613.830225278043
2020-09-09,9279.252657866755,-82116.03019832814,106376.6253957353,-82584.41295706727,105682.12294200165,-747.8306209492509,-747.8306209492509,-747.8306209492509,-747.8306209492509,-747.8306209492509,-747.8306209492509,0.0,0.0,0.0,8531.422036917504
2020-09-10,9277.457033133345,-83616.65329764997,108055.58137962809,-82981.47495230671,105877.01922223621,672.0449654412499,672.0449654412499,672.0449654412499,672.0449654412499,672.0449654412499,672.0449654412499,0.0,0.0,0.0,9949.501998574595
2020-09-11,9275.661408399936,-83846.31374916561,105139.6238999129,-83360.1429336575,106482.51204098319,-1163.0220775149062,-1163.0220775149062,-1163.0220775149062,-1163.0220775149062,-1163.0220775149062,-1163.0220775149062,0.0,0.0,0.0,8112.639330885029
2020-09-12,9273.865783666524,-83660.1317961741,108071.29490001239,-83738.81091500827,107198.13403878544,-312.2166305853273,-312.2166305853273,-312.2166305853273,-312.2166305853273,-312.2166305853273,-312.2166305853273,0.0,0.0,0.0,8961.649153081196
2020-09-13,9272.070158933115,-82912.050452555,110258.04312947592,-84097.20966094932,107913.7560365877,1344.6912245697094,1344.6912245697094,1344.6912245697094,1344.6912245697094,1344.6912245697094,1344.6912245697094,0.0,0.0,0.0,10616.761383502824
2020-09-14,9270.274534199703,-83238.2691597784,109961.33628145525,-84295.25364112463,108623.88722494298,873.5511963642549,873.5511963642549,873.5511963642549,873.5511963642549,873.5511963642549,873.5511963642549,0.0,0.0,0.0,10143.825730563958
2020-09-15,9268.478909466294,-83699.284181562,107896.08336749501,-84493.29762129992,109323.14734737598,-667.2180573244074,-667.2180573244074,-667.2180573244074,-667.2180573244074,-667.2180573244074,-667.2180573244074,0.0,0.0,0.0,8601.260852141886
2020-09-16,9266.683284732882,-83966.09041797598,110132.82622845416,-84691.34160147524,109781.2729233071,-747.8306209473525,-747.8306209473525,-747.8306209473525,-747.8306209473525,-747.8306209473525,-747.8306209473525,0.0,0.0,0.0,8518.85266378553
2020-09-17,9264.887659999473,-85910.51356407105,112026.48454633157,-85731.1303004315,110057.30987028881,672.0449654409417,672.0449654409417,672.0449654409417,672.0449654409417,672.0449654409417,672.0449654409417,0.0,0.0,0.0,9936.932625440415
2020-09-18,9263.092035266061,-87986.94466563716,108387.6983830906,-86133.00116075607,110870.6593558801,-1163.0220775166006,-1163.0220775166006,-1163.0220775166006,-1163.0220775166006,-1163.0220775166006,-1163.0220775166006,0.0,0.0,0.0,8100.069957749461
2020-09-19,9261.296410532652,-87919.2109679068,109999.43997423547,-86556.5587265328,111670.19689858991,-312.21663058242734,-312.21663058242734,-312.21663058242734,-312.21663058242734,-312.21663058242734,-312.21663058242734,0.0,0.0,0.0,8949.079779950225
2020-09-20,9259.50078579924,-86526.60527370224,112701.9857737332,-86977.91080623624,112225.9404765446,1344.6912245661392,1344.6912245661392,1344.6912245661392,1344.6912245661392,1344.6912245661392,1344.6912245661392,0.0,0.0,0.0,10604.19201036538
2020-09-21,9257.70516106583,-87257.31750369805,115387.17486195624,-87375.81806840407,112755.89209673466,873.551196364835,873.551196364835,873.551196364835,873.551196364835,873.551196364835,873.551196364835,0.0,0.0,0.0,10131.256357430666
2020-09-22,9255.90953633242,-90212.67027073236,112682.02128042732,-87909.30813287363,113239.8333172332,-667.2180573225055,-667.2180573225055,-667.2180573225055,-667.2180573225055,-667.2180573225055,-667.2180573225055,0.0,0.0,0.0,8588.691479009914
2020-09-23,9254.11391159901,-90189.67385183046,112314.83897569326,-88691.26282221805,113763.9451408963,-747.8306209477738,-747.8306209477738,-747.8306209477738,-747.8306209477738,-747.8306209477738,-747.8306209477738,0.0,0.0,0.0,8506.283290651236
2020-09-24,9252.318286865599,-89618.97371010853,115141.29788824517,-89387.8965093632,114316.00295218243,672.0449654406337,672.0449654406337,672.0449654406337,672.0449654406337,672.0449654406337,672.0449654406337,0.0,0.0,0.0,9924.363252306232
2020-09-25,9250.522662132189,-92254.75130793033,114990.75043945869,-90084.53019650836,114946.9698495419,-1163.0220775127577,-1163.0220775127577,-1163.0220775127577,-1163.0220775127577,-1163.0220775127577,-1163.0220775127577,0.0,0.0,0.0,8087.500584619431
2020-09-26,9248.727037398778,-91670.84855394618,116098.17359799606,-90735.23586130673,115605.24421532045,-312.2166305795273,-312.2166305795273,-312.2166305795273,-312.2166305795273,-312.2166305795273,-312.2166305795273,0.0,0.0,0.0,8936.51040681925
2020-09-27,9246.931412665368,-91170.95431515753,117569.19298421107,-91366.03440567332,116060.98981194361,1344.6912245676585,1344.6912245676585,1344.6912245676585,1344.6912245676585,1344.6912245676585,1344.6912245676585,0.0,0.0,0.0,10591.622637233027
2020-09-28,9245.135787931957,-89619.4878736851,116826.16438416885,-91947.4124764295,116985.58483656644,873.5511963628031,873.5511963628031,873.5511963628031,873.5511963628031,873.5511963628031,873.5511963628031,0.0,0.0,0.0,10118.68698429476
2020-09-29,9243.340163198547,-93022.71456627501,116586.31085632942,-92298.08565762413,117670.66042400728,-667.2180573247905,-667.2180573247905,-667.2180573247905,-667.2180573247905,-667.2180573247905,-667.2180573247905,0.0,0.0,0.0,8576.122105873757
2020-09-30,9241.544538465136,-94239.26356945562,117756.69670515358,-92610.52701624428,118306.75311995638,-747.8306209458754,-747.8306209458754,-747.8306209458754,-747.8306209458754,-747.8306209458754,-747.8306209458754,0.0,0.0,0.0,8493.71391751926
2020-10-01,9239.748913731726,-93455.95410984776,119219.0341469045,-93174.58260608294,118911.51673581915,672.0449654403255,672.0449654403255,672.0449654403255,672.0449654403255,672.0449654403255,672.0449654403255,0.0,0.0,0.0,9911.793879172052
2020-10-02,9237.953288998315,-97631.56271191429,116544.90561684384,-93776.1476532722,119462.70713183467,-1163.022077514452,-1163.022077514452,-1163.022077514452,-1163.022077514452,-1163.022077514452,-1163.022077514452,0.0,0.0,0.0,8074.931211483863
2020-10-03,9236.157664264903,-94875.92117412745,120636.02613980994,-94353.7828530673,120013.89752785019,-312.2166305808229,-312.2166305808229,-312.2166305808229,-312.2166305808229,-312.2166305808229,-312.2166305808229,0.0,0.0,0.0,8923.941033684081
2020-10-04,9234.362039531494,-94198.6586879431,121696.7511435413,-94963.15953710789,120539.55840103672,1344.6912245717915,1344.6912245717915,1344.6912245717915,1344.6912245717915,1344.6912245717915,1344.6912245717915,0.0,0.0,0.0,10579.053264103286
2020-10-05,9232.566414798084,-97506.70966594802,119943.30507260203,-95562.5839399546,120708.11568078605,873.551196360771,873.551196360771,873.551196360771,873.551196360771,873.551196360771,873.551196360771,0.0,0.0,0.0,10106.117611158856
2020-10-06,9230.770790064673,-96894.48448217603,118991.21807342784,-96169.696253885,121377.54040684007,-667.2180573213024,-667.2180573213024,-667.2180573213024,-667.2180573213024,-667.2180573213024,-667.2180573213024,0.0,0.0,0.0,8563.55273274337
2020-10-07,9228.975165331261,-98038.66801404665,122868.89140752087,-96793.18894474428,122171.65902757928,-747.830620943977,-747.830620943977,-747.830620943977,-747.830620943977,-747.830620943977,-747.830620943977,0.0,0.0,0.0,8481.144544387284
2020-10-08,9227.179540597852,-96335.1393982953,123134.41746742462,-97646.75448862098,122965.77764831854,672.0449654400209,672.0449654400209,672.0449654400209,672.0449654400209,672.0449654400209,672.0449654400209,0.0,0.0,0.0,9899.224506037874
2020-10-09,9225.383915864442,-100399.22320154186,124705.31717039,-98341.07087267387,123643.46208344541,-1163.02207751498,-1163.02207751498,-1163.02207751498,-1163.02207751498,-1163.02207751498,-1163.02207751498,0.0,0.0,0.0,8062.361838349462
2020-10-10,9223.588291131031,-98507.90877940507,125221.57910752844,-98710.38903584093,124487.539207218,-312.2166305779229,-312.2166305779229,-312.2166305779229,-312.2166305779229,-312.2166305779229,-312.2166305779229,0.0,0.0,0.0,8911.371660553108
2020-10-11,9221.79266639762,-99188.04413413166,124872.9463013794,-99272.29805971363,125210.46163929164,1344.6912245656072,1344.6912245656072,1344.6912245656072,1344.6912245656072,1344.6912245656072,1344.6912245656072,0.0,0.0,0.0,10566.483890963227
2020-10-12,9219.99704166421,-99089.35537156857,127411.47232416896,-99850.20938482668,125894.08196649559,873.551196358739,873.551196358739,873.551196358739,873.551196358739,873.551196358739,873.551196358739,0.0,0.0,0.0,10093.54823802295
2020-10-13,9218.2014169308,-101643.63054073359,125304.04501178594,-100275.27137923,126575.60756961082,-667.2180573235875,-667.2180573235875,-667.2180573235875,-667.2180573235875,-667.2180573235875,-667.2180573235875,0.0,0.0,0.0,8550.983359607213
2020-10-14,9216.405792197389,-101041.26668867783,126303.94994548688,-100985.36414764579,127252.79373397263,-747.8306209499199,-747.8306209499199,-747.8306209499199,-747.8306209499199,-747.8306209499199,-747.8306209499199,0.0,0.0,0.0,8468.575171247468
2020-10-15,9214.610167463978,-101479.44632575235,126921.68881826023,-101795.26892284534,127906.09413868267,672.0449654397095,672.0449654397095,672.0449654397095,672.0449654397095,672.0449654397095,672.0449654397095,0.0,0.0,0.0,9886.655132903687
2020-10-16,9212.814542730568,-101734.18191391954,128032.10192274967,-102455.86904516461,128559.39454339269,-1163.0220775155085,-1163.0220775155085,-1163.0220775155085,-1163.0220775155085,-1163.0220775155085,-1163.0220775155085,0.0,0.0,0.0,8049.79246521506
2020-10-17,9211.018917997158,-101878.91492359452,127631.11574018851,-102844.28065707105,129212.69494810274,-312.21663058416885,-312.21663058416885,-312.21663058416885,-312.21663058416885,-312.21663058416885,-312.21663058416885,0.0,0.0,0.0,8898.80228741299
2020-10-18,9209.223293263747,-100310.11612647929,129566.0389728488,-102970.18359568989,129934.22786160545,1344.6912245671263,1344.6912245671263,1344.6912245671263,1344.6912245671263,1344.6912245671263,1344.6912245671263,0.0,0.0,0.0,10553.914517830874
2020-10-19,9207.427668530336,-102365.5086210744,130977.62279993627,-103110.17007572194,130582.0811262301,873.5511963593193,873.5511963593193,873.5511963593193,873.5511963593193,873.5511963593193,873.5511963593193,0.0,0.0,0.0,10080.978864889656
2020-10-20,9205.632043796926,-105188.72498230242,132823.2552536149,-103771.06490202861,131138.2726771489,-667.218057323779,-667.218057323779,-667.218057323779,-667.218057323779,-667.218057323779,-667.218057323779,0.0,0.0,0.0,8538.413986473148
2020-10-21,9203.836419063517,-105981.55330407253,131081.28722385457,-104394.96387697128,131700.12320943104,-747.8306209480214,-747.8306209480214,-747.8306209480214,-747.8306209480214,-747.8306209480214,-747.8306209480214,0.0,0.0,0.0,8456.005798115495
2020-10-22,9202.040794330105,-103642.8447713772,131803.92937644312,-104760.43630350624,132282.13315380234,672.0449654410972,672.0449654410972,672.0449654410972,672.0449654410972,672.0449654410972,672.0449654410972,0.0,0.0,0.0,9874.085759771202
2020-10-23,9200.245169596696,-109037.61228142946,131944.78157270004,-105360.73443124245,132869.33493537875,-1163.0220775160367,-1163.0220775160367,-1163.0220775160367,-1163.0220775160367,-1163.0220775160367,-1163.0220775160367,0.0,0.0,0.0,8037.223092080659
2020-10-24,9198.449544863284,-107037.52116786185,133148.6852004965,-105947.8946348502,133878.7352467598,-312.2166305833666,-312.2166305833666,-312.2166305833666,-312.2166305833666,-312.2166305833666,-312.2166305833666,0.0,0.0,0.0,8886.232914279917
2020-10-25,9196.653920129875,-106123.04463273626,134867.5414695539,-106535.05483845797,134534.84898802763,1344.6912245660315,1344.6912245660315,1344.6912245660315,1344.6912245660315,1344.6912245660315,1344.6912245660315,0.0,0.0,0.0,10541.345144695906
2020-10-26,9194.858295396463,-107112.55471108713,135941.07724916685,-106969.33811877137,135151.9861162313,873.5511963546749,873.5511963546749,873.5511963546749,873.5511963546749,873.5511963546749,873.5511963546749,0.0,0.0,0.0,10068.409491751137
2020-10-27,9193.062670663052,-107708.27699544029,135009.40938733667,-107508.077897699,135752.24275108668,-667.2180573239706,-667.2180573239706,-667.2180573239706,-667.2180573239706,-667.2180573239706,-667.2180573239706,0.0,0.0,0.0,8525.84461333908
2020-10-28,9191.267045929642,-110719.60794077838,134784.53904712482,-108038.52770832262,136352.49938594206,-747.830620948443,-747.830620948443,-747.830620948443,-747.830620948443,-747.830620948443,-747.830620948443,0.0,0.0,0.0,8443.436424981199
2020-10-29,9189.471421196233,-109909.18146686623,136613.90784163866,-108879.87275045608,136934.55049232233,672.0449654407892,672.0449654407892,672.0449654407892,672.0449654407892,672.0449654407892,672.0449654407892,0.0,0.0,0.0,9861.516386637022
2020-10-30,9187.675796462821,-109930.4572348572,137164.66209208957,-109735.76399256225,137648.27779258258,-1163.0220775177308,-1163.0220775177308,-1163.0220775177308,-1163.0220775177308,-1163.0220775177308,-1163.0220775177308,0.0,0.0,0.0,8024.65371894509
2020-10-31,9185.88017172941,-109934.2028144125,137120.36390824636,-110445.28221545243,138362.00509284277,-312.21663058256445,-312.21663058256445,-312.21663058256445,-312.21663058256445,-312.21663058256445,-312.21663058256445,0.0,0.0,0.0,8873.663541146845
2020-11-01,9184.084546996,-109371.38504030785,139288.46990767543,-111154.80043834259,138976.24255354228,1344.6912245649369,1344.6912245649369,1344.6912245649369,1344.6912245649369,1344.6912245649369,1344.6912245649369,0.0,0.0,0.0,10528.775771560937
2020-11-02,9182.28892226259,-110067.6208448347,141379.6055354438,-111853.50070806597,139354.80509047245,873.5511963631712,873.5511963631712,873.5511963631712,873.5511963631712,873.5511963631712,873.5511963631712,0.0,0.0,0.0,10055.840118625762
2020-11-03,9180.49329752918,-114147.29070514267,140226.8799746321,-112531.97398420045,140058.07122019387,-667.218057324162,-667.218057324162,-667.218057324162,-667.218057324162,-667.218057324162,-667.218057324162,0.0,0.0,0.0,8513.275240205017
2020-11-04,9178.697672795768,-112933.50335178022,138628.81908439056,-113178.82511937473,140791.0044563157,-747.8306209465445,-747.8306209465445,-747.8306209465445,-747.8306209465445,-747.8306209465445,-747.8306209465445,0.0,0.0,0.0,8430.867051849224
2020-11-05,9176.902048062359,-111613.98858616505,142513.71281870236,-113828.73994951023,141523.93769243755,672.0449654404845,672.0449654404845,672.0449654404845,672.0449654404845,672.0449654404845,672.0449654404845,0.0,0.0,0.0,9848.947013502842
2020-11-06,9175.106423328949,-114998.37417870767,139680.29679685715,-114524.74614849263,142205.15555306306,-1163.022077517093,-1163.022077517093,-1163.022077517093,-1163.022077517093,-1163.022077517093,-1163.022077517093,0.0,0.0,0.0,8012.084345811856
2020-11-07,9173.310798595538,-116965.94819960963,143529.99766566715,-115220.75234747502,142613.4186668272,-312.2166305888104,-312.2166305888104,-312.2166305888104,-312.2166305888104,-312.2166305888104,-312.2166305888104,0.0,0.0,0.0,8861.094168006726
2020-11-08,9171.515173862126,-114596.26211713119,143884.62875767882,-115916.75854645742,143434.71622069523,1344.69122456907,1344.69122456907,1344.69122456907,1344.69122456907,1344.69122456907,1344.69122456907,0.0,0.0,0.0,10516.206398431197
2020-11-09,9169.719549128717,-112175.20009755669,144331.47630562508,-116612.76474543984,144285.82729323365,873.5511963611394,873.5511963611394,873.5511963611394,873.5511963611394,873.5511963611394,873.5511963611394,0.0,0.0,0.0,10043.270745489855
2020-11-10,9167.923924395305,-116896.73233421735,146067.6717874924,-117308.77094442223,145136.93836577205,-667.218057320674,-667.218057320674,-667.218057320674,-667.218057320674,-667.218057320674,-667.218057320674,0.0,0.0,0.0,8500.705867074632
2020-11-11,9166.128299661896,-117628.05282554237,144714.0692290573,-117948.47873305797,145988.04943831047,-747.8306209458059,-747.8306209458059,-747.8306209458059,-747.8306209458059,-747.8306209458059,-747.8306209458059,0.0,0.0,0.0,8418.29767871609
2020-11-12,9164.332674928484,-115846.05078047479,146248.31099799057,-118446.1848172036,146839.1605108489,672.0449654401796,672.0449654401796,672.0449654401796,672.0449654401796,672.0449654401796,672.0449654401796,0.0,0.0,0.0,9836.377640368664
2020-11-13,9162.537050195075,-118072.3175172251,147599.50588742484,-118956.1462879223,147655.15954167192,-1163.0220775144164,-1163.0220775144164,-1163.0220775144164,-1163.0220775144164,-1163.0220775144164,-1163.0220775144164,0.0,0.0,0.0,7999.5149726806585
2020-11-14,9160.741425461663,-119981.5264024254,146705.9484474888,-119420.95357556839,148344.47830843768,-312.2166305880081,-312.2166305880081,-312.2166305880081,-312.2166305880081,-312.2166305880081,-312.2166305880081,0.0,0.0,0.0,8848.524794873656
2020-11-15,9158.945800728254,-118259.17698552767,150442.58088342988,-119924.05428054469,148818.1516727346,1344.691224567975,1344.691224567975,1344.691224567975,1344.691224567975,1344.691224567975,1344.691224567975,0.0,0.0,0.0,10503.63702529623
2020-11-16,9157.150175994842,-118431.61326399539,152281.67999696275,-120427.15498552095,149291.82503703155,873.5511963617198,873.5511963617198,873.5511963617198,873.5511963617198,873.5511963617198,873.5511963617198,0.0,0.0,0.0,10030.701372356561
2020-11-17,9155.354551261433,-121318.44030637543,148295.42673580706,-120930.25569049723,149765.49840132848,-667.2180573208656,-667.2180573208656,-667.2180573208656,-667.2180573208656,-667.2180573208656,-667.2180573208656,0.0,0.0,0.0,8488.136493940567
2020-11-18,9153.558926528021,-122305.69395139585,149980.93033191716,-121552.9582832598,150239.17176562542,-747.8306209505892,-747.8306209505892,-747.8306209505892,-747.8306209505892,-747.8306209505892,-747.8306209505892,0.0,0.0,0.0,8405.728305577431
2020-11-19,9151.763301794612,-121310.61867676192,151237.98305663562,-122275.93481819704,150712.84512992235,672.0449654398682,672.0449654398682,672.0449654398682,672.0449654398682,672.0449654398682,672.0449654398682,0.0,0.0,0.0,9823.80826723448
2020-11-20,9149.9676770612,-125003.23688451185,151403.18900882776,-122981.74018440272,151186.51849421932,-1163.0220775149444,-1163.0220775149444,-1163.0220775149444,-1163.0220775149444,-1163.0220775149444,-1163.0220775149444,0.0,0.0,0.0,7986.945599546256
2020-11-21,9148.17205232779,-123261.38459932065,149840.00075674648,-123572.65460408735,151660.19185851622,-312.2166305851082,-312.2166305851082,-312.2166305851082,-312.2166305851082,-312.2166305851082,-312.2166305851082,0.0,0.0,0.0,8835.955421742683
2020-11-22,9146.37642759438,-122154.62756851797,153666.6835414048,-123814.48500976474,152109.65555046775,1344.6912245694944,1344.6912245694944,1344.6912245694944,1344.6912245694944,1344.6912245694944,1344.6912245694944,0.0,0.0,0.0,10491.067652163874
2020-11-23,9144.58080286097,-123721.15174408043,152737.84088333923,-124070.51559636524,152505.59739448436,873.5511963623003,873.5511963623003,873.5511963623003,873.5511963623003,873.5511963623003,873.5511963623003,0.0,0.0,0.0,10018.131999223271
2020-11-24,9142.785178127559,-124079.24454304235,152870.63296655085,-124357.58549349505,152857.79335087846,-667.2180573231507,-667.2180573231507,-667.2180573231507,-667.2180573231507,-667.2180573231507,-667.2180573231507,0.0,0.0,0.0,8475.567120804408
2020-11-25,9140.989553394149,-125778.98271624997,155023.45756930736,-124762.08661570959,153209.9893072726,-747.8306209498504,-747.8306209498504,-747.8306209498504,-747.8306209498504,-747.8306209498504,-747.8306209498504,0.0,0.0,0.0,8393.1589324443
2020-11-26,9139.19392866074,-126685.66134117097,157096.32853947676,-124919.41245848553,154301.83479744813,672.0449654395635,672.0449654395635,672.0449654395635,672.0449654395635,672.0449654395635,672.0449654395635,0.0,0.0,0.0,9811.238894100303
2020-11-27,9137.398303927328,-127656.36064611706,156061.88014894904,-125639.83107645376,155522.09848986688,-1163.0220775154728,-1163.0220775154728,-1163.0220775154728,-1163.0220775154728,-1163.0220775154728,-1163.0220775154728,0.0,0.0,0.0,7974.376226411855
2020-11-28,9135.602679193917,-127418.12967980608,158728.28766659397,-126237.54311075163,156742.13241657728,-312.21663058430596,-312.21663058430596,-312.21663058430596,-312.21663058430596,-312.21663058430596,-312.21663058430596,0.0,0.0,0.0,8823.386048609611
2020-11-29,9133.807054460507,-127327.5459345143,158324.03476598507,-126711.28449384414,157416.17907914863,1344.6912245659241,1344.6912245659241,1344.6912245659241,1344.6912245659241,1344.6912245659241,1344.6912245659241,0.0,0.0,0.0,10478.498279026431
2020-11-30,9132.011429727097,-125314.71696860272,160788.9990192412,-127185.02587693669,157989.34430956485,873.5511963576555,873.5511963576555,873.5511963576555,873.5511963576555,873.5511963576555,873.5511963576555,0.0,0.0,0.0,10005.562626084753
2020-12-01,9130.215804993686,-129331.54331730255,159655.33847635082,-127694.47856964724,159037.33626199304,-667.2180573212487,-667.2180573212487,-667.2180573212487,-667.2180573212487,-667.2180573212487,-667.2180573212487,0.0,0.0,0.0,8462.997747672438
2020-12-02,9128.420180260275,-127959.96629182219,158248.3178409855,-128233.53052678805,160086.28753797858,-747.830620947952,-747.830620947952,-747.830620947952,-747.830620947952,-747.830620947952,-747.830620947952,0.0,0.0,0.0,8380.589559312322
2020-12-03,9126.624555526865,-127739.87796048673,160023.74323842424,-128731.83114327061,160957.32225194844,672.0449654392555,672.0449654392555,672.0449654392555,672.0449654392555,672.0449654392555,672.0449654392555,0.0,0.0,0.0,9798.669520966121
2020-12-04,9124.828930793456,-132137.71046912056,159272.60228896668,-129187.76046203879,161491.69566915662,-1163.0220775116302,-1163.0220775116302,-1163.0220775116302,-1163.0220775116302,-1163.0220775116302,-1163.0220775116302,0.0,0.0,0.0,7961.806853281825
2020-12-05,9123.033306060044,-129884.54236991487,162815.20097296848,-129643.68978080696,162026.0690863648,-312.216630581406,-312.216630581406,-312.216630581406,-312.216630581406,-312.216630581406,-312.216630581406,0.0,0.0,0.0,8810.816675478638
